manifest_index,smoke_id,image,image_path,object_class,referring_sentence,ground_truth_bbox,bbox_was_clipped,object_position,relative_position,object_size,relative_size,is_unique,completed,error,latency_ms,predicted_box_count,predicted_boxes_json,best_prediction_index,best_prediction_bbox,best_prediction_label,best_prediction_score,best_iou,highest_confidence_index,highest_confidence_score,model_reused,device,checkpoint,failure_category
1,0,P5789_1915.png,/Users/anirudhshashikumar/Desktop/VRSBench/grounding_smoke100/images/P5789_1915.png,airplane,"The plane positioned closest to the bottom edge of the image, below the first plane.","[0.52, 0.88, 0.61, 0.97]",false,bottom-middle,bottom-most,small,,false,true,,1147.008,0,[],,null,,,0.0,,,true,cpu,IDEA-Research/grounding-dino-tiny,null_prediction
2,1,P9170_0002.png,/Users/anirudhshashikumar/Desktop/VRSBench/grounding_smoke100/images/P9170_0002.png,airport,"The small airport is situated towards the bottom-left of the image, surrounded by green fields.","[0.03, 0.77, 0.04, 1.0]",true,bottom-left,,small,,true,true,,1158.428,1,"[{""bbox_normalized"": [0.0, 0.0, 1.0, 1.0], ""bbox_pixels"": [0, 0, 512, 512], ""score"": 0.57361, ""label"": ""green fields""}]",0,"[0.0, 0.0, 1.0, 1.0]",green fields,0.57361,0.0023000000000000004,0,0.57361,true,cpu,IDEA-Research/grounding-dino-tiny,class_confusion
3,2,07239_0000.png,/Users/anirudhshashikumar/Desktop/VRSBench/grounding_smoke100/images/07239_0000.png,baseball-diamond,The unique baseball field visible in the image has a distinct diamond shape and occupies a large area.,"[0.32, 0.61, 0.73, 1.0]",true,,,small,,true,true,,1156.527,0,[],,null,,,0.0,,,true,cpu,IDEA-Research/grounding-dino-tiny,null_prediction
4,3,07778_0000.png,/Users/anirudhshashikumar/Desktop/VRSBench/grounding_smoke100/images/07778_0000.png,basketball-court,The basketball court is bordered by white lines and occupies a large rectangular area with its long side parallel to the nearby building.,"[0.3, 0.42, 0.99, 0.79]",false,,,small,,true,true,,1153.357,1,"[{""bbox_normalized"": [0.0, 0.0, 1.0, 1.0], ""bbox_pixels"": [0, 0, 512, 512], ""score"": 0.470409, ""label"": ""the nearby building""}]",0,"[0.0, 0.0, 1.0, 1.0]",the nearby building,0.470409,0.2553,0,0.470409,true,cpu,IDEA-Research/grounding-dino-tiny,class_confusion
5,4,09652_0000.png,/Users/anirudhshashikumar/Desktop/VRSBench/grounding_smoke100/images/09652_0000.png,bridge,The bridge is noticeable near the bottom of the image extending from bottom to top.,"[0.62, 0.64, 0.77, 0.96]",false,,,,,true,true,,1151.505,0,[],,null,,,0.0,,,true,cpu,IDEA-Research/grounding-dino-tiny,null_prediction
6,5,06700_0000.png,/Users/anirudhshashikumar/Desktop/VRSBench/grounding_smoke100/images/06700_0000.png,chimney,The chimney depicted is cylindrical with a dark opening visible at the top.,"[0.02, 0.43, 0.73, 1.0]",true,,,small,,true,true,,1141.009,0,[],,null,,,0.0,,,true,cpu,IDEA-Research/grounding-dino-tiny,null_prediction
7,6,P2733_0029.png,/Users/anirudhshashikumar/Desktop/VRSBench/grounding_smoke100/images/P2733_0029.png,container-crane,The small container crane at the bottom-left of the image.,"[0.11, 0.8, 0.28, 0.94]",false,bottom-left,bottom-most,small,,false,true,,1148.739,0,[],,null,,,0.0,,,true,cpu,IDEA-Research/grounding-dino-tiny,null_prediction
8,7,08435_0000.png,/Users/anirudhshashikumar/Desktop/VRSBench/grounding_smoke100/images/08435_0000.png,dam,The dam is situated along the bottom edge of the image.,"[0.59, 0.74, 0.96, 1.0]",true,bottom,,small,,true,true,,1154.763,0,[],,null,,,0.0,,,true,cpu,IDEA-Research/grounding-dino-tiny,null_prediction
9,8,09793_0000.png,/Users/anirudhshashikumar/Desktop/VRSBench/grounding_smoke100/images/09793_0000.png,expressway-service-area,"The expressway-service area is distinguishable on the right side, featuring various buildings and a parking lot.","[0.4, 0.13, 1.0, 1.0]",true,,,small,,true,true,,1155.276,0,[],,null,,,0.0,,,true,cpu,IDEA-Research/grounding-dino-tiny,null_prediction
10,9,09151_0000.png,/Users/anirudhshashikumar/Desktop/VRSBench/grounding_smoke100/images/09151_0000.png,expressway-toll-station,The small expressway toll station is situated in the top-left region of the image.,"[0.06, 0.04, 0.13, 0.07]",false,top-left,,small,,true,true,,1152.288,0,[],,null,,,0.0,,,true,cpu,IDEA-Research/grounding-dino-tiny,null_prediction
11,10,11496_0000.png,/Users/anirudhshashikumar/Desktop/VRSBench/grounding_smoke100/images/11496_0000.png,golffield,"The golf field featuring a series of small green patches and sand traps is situated in the lower right quadrant, surrounded by more densely vegetated areas.","[0.29, 0.4, 1.0, 1.0]",true,,,small,,true,true,,1172.127,2,"[{""bbox_normalized"": [0.0, 0.0, 1.0, 1.0], ""bbox_pixels"": [0, 0, 512, 512], ""score"": 0.521873, ""label"": ""the golf field""}, {""bbox_normalized"": [0.0, 0.447265625, 0.365234375, 1.0], ""bbox_pixels"": [0, 229, 187, 512], ""score"": 0.450248, ""label"": ""sand traps""}]",0,"[0.0, 0.0, 1.0, 1.0]",the golf field,0.521873,0.426,0,0.521873,true,cpu,IDEA-Research/grounding-dino-tiny,boundary_clipping_case
12,11,P1647_0019.png,/Users/anirudhshashikumar/Desktop/VRSBench/grounding_smoke100/images/P1647_0019.png,ground-track-field,The ground track field featured in the image is located in the central part of the image.,"[0.16, 0.26, 0.67, 0.55]",false,,,small,,true,true,,1168.549,0,[],,null,,,0.0,,,true,cpu,IDEA-Research/grounding-dino-tiny,null_prediction
13,12,10901_0000.png,/Users/anirudhshashikumar/Desktop/VRSBench/grounding_smoke100/images/10901_0000.png,harbor,The harbor located on the left-most side of the image has several ships docked with more vacant slots visible.,"[0.09, 0.09, 0.46, 1.0]",true,,left-most,small,,false,true,,1163.757,0,[],,null,,,0.0,,,true,cpu,IDEA-Research/grounding-dino-tiny,null_prediction
14,13,P1508_0026.png,/Users/anirudhshashikumar/Desktop/VRSBench/grounding_smoke100/images/P1508_0026.png,helicopter,The helicopter located towards the bottom-left of the image.,"[0.04, 0.7, 0.12, 0.93]",false,bottom-left,,small,,true,true,,1154.272,1,"[{""bbox_normalized"": [0.001953125, 0.671875, 0.12109375, 0.927734375], ""bbox_pixels"": [1, 344, 62, 475], ""score"": 0.591344, ""label"": ""the helicopter""}]",0,"[0.001953125, 0.671875, 0.12109375, 0.927734375]",the helicopter,0.591344,0.5941317310205211,0,0.591344,true,cpu,IDEA-Research/grounding-dino-tiny,success
15,14,P5171_0027.png,/Users/anirudhshashikumar/Desktop/VRSBench/grounding_smoke100/images/P5171_0027.png,helipad,"The helipad situated in the middle-right of the image is characterized by its geometric marking, with a visible central circle and surrounding square.","[0.75, 0.35, 0.92, 0.5]",false,middle-right,,small,,true,true,,1174.215,0,[],,null,,,0.0,,,true,cpu,IDEA-Research/grounding-dino-tiny,null_prediction
16,15,09861_0000.png,/Users/anirudhshashikumar/Desktop/VRSBench/grounding_smoke100/images/09861_0000.png,overpass,The overpass located towards the bottom left of the image is the one closest to the bottom edge.,"[0.06, 0.94, 0.16, 0.99]",false,bottom-left,bottom-most,small,,false,true,,1163.024,0,[],,null,,,0.0,,,true,cpu,IDEA-Research/grounding-dino-tiny,null_prediction
17,16,P1666_0018.png,/Users/anirudhshashikumar/Desktop/VRSBench/grounding_smoke100/images/P1666_0018.png,roundabout,The roundabout visible in the top-right section of the image.,"[0.87, 0.17, 0.92, 0.22]",false,top-right,,small,,true,true,,1151.643,0,[],,null,,,0.0,,,true,cpu,IDEA-Research/grounding-dino-tiny,null_prediction
18,17,P0949_0007.png,/Users/anirudhshashikumar/Desktop/VRSBench/grounding_smoke100/images/P0949_0007.png,ship,The leftmost ship located in the top-right part of the image.,"[0.84, 0.08, 0.89, 0.15]",false,top-right,left-most,small,,false,true,,1159.013,0,[],,null,,,0.0,,,true,cpu,IDEA-Research/grounding-dino-tiny,null_prediction
19,18,P0242_0003.png,/Users/anirudhshashikumar/Desktop/VRSBench/grounding_smoke100/images/P0242_0003.png,soccer-ball-field,The soccer ball field can be identified by its location towards the top-left corner of the image.,"[0.0, 0.0, 0.61, 0.57]",false,,,small,,true,true,,1151.239,1,"[{""bbox_normalized"": [0.0, 0.0, 0.685546875, 0.650390625], ""bbox_pixels"": [0, 0, 351, 333], ""score"": 0.510186, ""label"": ""the soccer ball field""}]",0,"[0.0, 0.0, 0.685546875, 0.650390625]",the soccer ball field,0.510186,0.7798180128846796,0,0.510186,true,cpu,IDEA-Research/grounding-dino-tiny,success
20,19,08683_0000.png,/Users/anirudhshashikumar/Desktop/VRSBench/grounding_smoke100/images/08683_0000.png,stadium,The stadium with a partially translucent roof is located in the bottom right quadrant of the image.,"[0.48, 0.36, 1.0, 0.99]",true,,,small,,true,true,,1167.633,1,"[{""bbox_normalized"": [0.48046875, 0.40234375, 1.0, 0.990234375], ""bbox_pixels"": [246, 206, 512, 507], ""score"": 0.499163, ""label"": ""the stadium""}]",0,"[0.48046875, 0.40234375, 1.0, 0.990234375]",the stadium,0.499163,0.9316005789406304,0,0.499163,true,cpu,IDEA-Research/grounding-dino-tiny,success
21,20,P1854_0117.png,/Users/anirudhshashikumar/Desktop/VRSBench/grounding_smoke100/images/P1854_0117.png,storage-tank,The storage tank is situated at the very bottom of the image.,"[0.04, 0.81, 0.38, 1.0]",true,bottom,,small,,true,true,,1159.176,0,[],,null,,,0.0,,,true,cpu,IDEA-Research/grounding-dino-tiny,null_prediction
22,21,P0882_0007.png,/Users/anirudhshashikumar/Desktop/VRSBench/grounding_smoke100/images/P0882_0007.png,swimming-pool,The swimming pool is the unique small rectangular blue area situated in the top-left corner of the image.,"[0.0, 0.0, 0.25, 0.12]",false,top-left,,small,,true,true,,1160.339,1,"[{""bbox_normalized"": [0.0, 0.0, 0.25390625, 0.1328125], ""bbox_pixels"": [0, 0, 130, 68], ""score"": 0.608387, ""label"": ""the swimming pool""}]",0,"[0.0, 0.0, 0.25390625, 0.1328125]",the swimming pool,0.608387,0.889628959276018,0,0.608387,true,cpu,IDEA-Research/grounding-dino-tiny,success
23,22,P0466_0007.png,/Users/anirudhshashikumar/Desktop/VRSBench/grounding_smoke100/images/P0466_0007.png,tennis-court,The tennis court located at the top left.,"[0.12, 0.09, 0.33, 0.46]",false,,left-most,small,,false,true,,1150.284,0,[],,null,,,0.0,,,true,cpu,IDEA-Research/grounding-dino-tiny,null_prediction
24,23,08669_0000.png,/Users/anirudhshashikumar/Desktop/VRSBench/grounding_smoke100/images/08669_0000.png,trainstation,The train station is located in the bottom right area of the image.,"[0.7, 0.3, 1.0, 1.0]",true,,,small,,true,true,,1149.324,0,[],,null,,,0.0,,,true,cpu,IDEA-Research/grounding-dino-tiny,null_prediction
25,24,P8287_0128.png,/Users/anirudhshashikumar/Desktop/VRSBench/grounding_smoke100/images/P8287_0128.png,vehicle,The small vehicle is positioned on the far right side of the street.,"[0.88, 0.27, 1.0, 0.35]",true,right,right-most,,largeest,false,true,,1164.337,0,[],,null,,,0.0,,,true,cpu,IDEA-Research/grounding-dino-tiny,null_prediction
26,25,06983_0000.png,/Users/anirudhshashikumar/Desktop/VRSBench/grounding_smoke100/images/06983_0000.png,windmill,The small windmill is situated in the bottom left area of the image.,"[0.14, 0.72, 0.21, 0.86]",false,bottom-left,,small,,true,true,,1147.736,1,"[{""bbox_normalized"": [0.087890625, 0.611328125, 0.22265625, 0.86328125], ""bbox_pixels"": [45, 313, 114, 442], ""score"": 0.555045, ""label"": ""the small windmill""}]",0,"[0.087890625, 0.611328125, 0.22265625, 0.86328125]",the small windmill,0.555045,0.288620514548927,0,0.555045,true,cpu,IDEA-Research/grounding-dino-tiny,oversized_box
27,26,11224_0000.png,/Users/anirudhshashikumar/Desktop/VRSBench/grounding_smoke100/images/11224_0000.png,airplane,The airplane is positioned diagonally across the tarmac and is the only one visible in the image.,"[0.63, 0.07, 1.0, 0.55]",true,,,small,,true,true,,1167.642,0,[],,null,,,0.0,,,true,cpu,IDEA-Research/grounding-dino-tiny,null_prediction
28,27,08240_0000.png,/Users/anirudhshashikumar/Desktop/VRSBench/grounding_smoke100/images/08240_0000.png,airport,"The small airport located in the lower right area of the image, bordering the right edge.","[0.61, 0.6, 1.0, 1.0]",true,,,small,,true,true,,1161.971,0,[],,null,,,0.0,,,true,cpu,IDEA-Research/grounding-dino-tiny,null_prediction
29,28,07788_0000.png,/Users/anirudhshashikumar/Desktop/VRSBench/grounding_smoke100/images/07788_0000.png,baseball-diamond,The baseball field is located in the lower half of the image and can be distinguished by its diamond-shaped dirt infield.,"[0.01, 0.54, 0.34, 0.88]",false,,,small,,true,true,,1271.056,0,[],,null,,,0.0,,,true,cpu,IDEA-Research/grounding-dino-tiny,null_prediction
30,29,07748_0000.png,/Users/anirudhshashikumar/Desktop/VRSBench/grounding_smoke100/images/07748_0000.png,basketball-court,The red-lined basketball court positioned adjacent to the parking lot.,"[0.3, 0.42, 0.98, 1.0]",true,,,small,,true,true,,1181.961,1,"[{""bbox_normalized"": [0.251953125, 0.36328125, 1.0, 1.0], ""bbox_pixels"": [129, 186, 512, 512], ""score"": 0.717198, ""label"": ""the red - lined basketball court""}]",0,"[0.251953125, 0.36328125, 1.0, 1.0]",the red - lined basketball court,0.717198,0.8280574220314276,0,0.717198,true,cpu,IDEA-Research/grounding-dino-tiny,success
31,30,07135_0000.png,/Users/anirudhshashikumar/Desktop/VRSBench/grounding_smoke100/images/07135_0000.png,bridge,The bridge that stretches across the lower part of the image.,"[0.44, 0.67, 1.0, 1.0]",true,,bottom-most,small,larger,false,true,,1153.903,1,"[{""bbox_normalized"": [0.0, 0.54296875, 1.0, 1.0], ""bbox_pixels"": [0, 278, 512, 512], ""score"": 0.652203, ""label"": ""the bridge""}]",0,"[0.0, 0.54296875, 1.0, 1.0]",the bridge,0.652203,0.4043487179487179,0,0.652203,true,cpu,IDEA-Research/grounding-dino-tiny,boundary_clipping_case
32,31,06657_0000.png,/Users/anirudhshashikumar/Desktop/VRSBench/grounding_smoke100/images/06657_0000.png,chimney,"The chimney in the image has an elongated shape, standing out among the surrounding structures.","[0.62, 0.62, 1.0, 1.0]",true,,,small,,true,true,,1171.207,0,[],,null,,,0.0,,,true,cpu,IDEA-Research/grounding-dino-tiny,null_prediction
33,32,P2733_0033.png,/Users/anirudhshashikumar/Desktop/VRSBench/grounding_smoke100/images/P2733_0033.png,container-crane,The container crane located at the top-right position on the dock.,"[0.57, 0.54, 0.77, 0.59]",false,,top-most,small,,false,true,,1155.444,0,[],,null,,,0.0,,,true,cpu,IDEA-Research/grounding-dino-tiny,null_prediction
34,33,08912_0000.png,/Users/anirudhshashikumar/Desktop/VRSBench/grounding_smoke100/images/08912_0000.png,dam,"The dam, stretches from the mid-left to the bottom-right part of the image.","[0.62, 0.57, 0.93, 1.0]",true,,,small,,true,true,,1165.731,0,[],,null,,,0.0,,,true,cpu,IDEA-Research/grounding-dino-tiny,null_prediction
35,34,07399_0000.png,/Users/anirudhshashikumar/Desktop/VRSBench/grounding_smoke100/images/07399_0000.png,expressway-service-area,The service area positioned a bit further from the main road.,"[0.16, 0.16, 0.33, 0.48]",false,,right-most,small,,false,true,,1156.457,1,"[{""bbox_normalized"": [0.037109375, 0.158203125, 0.3359375, 0.4921875], ""bbox_pixels"": [19, 81, 172, 252], ""score"": 0.470757, ""label"": ""the service area""}]",0,"[0.037109375, 0.158203125, 0.3359375, 0.4921875]",the service area,0.470757,0.5450687459389213,0,0.470757,true,cpu,IDEA-Research/grounding-dino-tiny,success
36,35,06439_0000.png,/Users/anirudhshashikumar/Desktop/VRSBench/grounding_smoke100/images/06439_0000.png,expressway-toll-station,The small toll station is located near the right edge of the image.,"[0.8, 0.57, 0.95, 0.71]",false,right,,small,,true,true,,1183.092,1,"[{""bbox_normalized"": [0.791015625, 0.556640625, 0.958984375, 0.716796875], ""bbox_pixels"": [405, 285, 491, 367], ""score"": 0.487185, ""label"": ""the small toll station""}]",0,"[0.791015625, 0.556640625, 0.958984375, 0.716796875]",the small toll station,0.487185,0.7806330119115141,0,0.487185,true,cpu,IDEA-Research/grounding-dino-tiny,success
37,36,10663_0000.png,/Users/anirudhshashikumar/Desktop/VRSBench/grounding_smoke100/images/10663_0000.png,golffield,The golf field located at the bottom right of the image.,"[0.54, 0.4, 1.0, 1.0]",true,,,small,,true,true,,1157.237,0,[],,null,,,0.0,,,true,cpu,IDEA-Research/grounding-dino-tiny,null_prediction
38,37,P3107_0000.png,/Users/anirudhshashikumar/Desktop/VRSBench/grounding_smoke100/images/P3107_0000.png,ground-track-field,The ground track field can be identified by its distinct rectangular shape with slightly curved ends located in the middle-right area of the image.,"[0.96, 0.36, 1.0, 0.45]",true,middle-right,,small,,true,true,,1182.601,1,"[{""bbox_normalized"": [0.0, 0.0, 1.0, 1.0], ""bbox_pixels"": [0, 0, 512, 512], ""score"": 0.577221, ""label"": ""the ground track field""}]",0,"[0.0, 0.0, 1.0, 1.0]",the ground track field,0.577221,0.0036000000000000042,0,0.577221,true,cpu,IDEA-Research/grounding-dino-tiny,boundary_clipping_case
39,38,P0932_0001.png,/Users/anirudhshashikumar/Desktop/VRSBench/grounding_smoke100/images/P0932_0001.png,harbor,The harbor located in the right part of the image.,"[0.6, 0.5, 0.71, 0.99]",false,,right-most,small,,false,true,,1156.15,0,[],,null,,,0.0,,,true,cpu,IDEA-Research/grounding-dino-tiny,null_prediction
40,39,P1149_0021.png,/Users/anirudhshashikumar/Desktop/VRSBench/grounding_smoke100/images/P1149_0021.png,helicopter,The helicopter closer to the top edge of the image is positioned on the tarmac.,"[0.33, 0.21, 0.72, 0.59]",false,,top-most,small,,false,true,,1170.233,0,[],,null,,,0.0,,,true,cpu,IDEA-Research/grounding-dino-tiny,null_prediction
41,40,10562_0000.png,/Users/anirudhshashikumar/Desktop/VRSBench/grounding_smoke100/images/10562_0000.png,overpass,The overpass located in the image extends from the left edge to the right.,"[0.43, 0.46, 1.0, 1.0]",true,,,,,true,true,,1167.345,0,[],,null,,,0.0,,,true,cpu,IDEA-Research/grounding-dino-tiny,null_prediction
42,41,P1752_0029.png,/Users/anirudhshashikumar/Desktop/VRSBench/grounding_smoke100/images/P1752_0029.png,roundabout,The roundabout is situated in the top-right corner of the image.,"[0.86, 0.0, 0.91, 0.03]",false,top-right,,small,,true,true,,1149.74,0,[],,null,,,0.0,,,true,cpu,IDEA-Research/grounding-dino-tiny,null_prediction
43,42,P5337_0029.png,/Users/anirudhshashikumar/Desktop/VRSBench/grounding_smoke100/images/P5337_0029.png,ship,The smallest ship in the image is positioned towards the top-left corner with a predominantly red and white color scheme.,"[0.05, 0.07, 0.13, 0.15]",false,top-left,,small,,false,true,,1169.724,0,[],,null,,,0.0,,,true,cpu,IDEA-Research/grounding-dino-tiny,null_prediction
44,43,P2714_0003.png,/Users/anirudhshashikumar/Desktop/VRSBench/grounding_smoke100/images/P2714_0003.png,soccer-ball-field,The soccer-ball field is located towards the right edge of the image.,"[0.99, 0.38, 1.0, 0.41]",false,middle-right,,small,,true,true,,1165.488,1,"[{""bbox_normalized"": [0.0, 0.0, 1.0, 1.0], ""bbox_pixels"": [0, 0, 512, 512], ""score"": 0.491943, ""label"": ""the soccer - ball field""}]",0,"[0.0, 0.0, 1.0, 1.0]",the soccer - ball field,0.491943,0.0003,0,0.491943,true,cpu,IDEA-Research/grounding-dino-tiny,oversized_box
45,44,08561_0000.png,/Users/anirudhshashikumar/Desktop/VRSBench/grounding_smoke100/images/08561_0000.png,stadium,The stadium in the image is recognizable by its rectangular shape with a large playing field surrounded by tiered seating areas.,"[0.24, 0.3, 0.72, 0.67]",false,,,small,,true,true,,1169.74,1,"[{""bbox_normalized"": [0.23046875, 0.291015625, 0.73046875, 0.677734375], ""bbox_pixels"": [118, 149, 374, 347], ""score"": 0.480213, ""label"": ""the stadium""}]",0,"[0.23046875, 0.291015625, 0.73046875, 0.677734375]",the stadium,0.480213,0.9184969696969699,0,0.480213,true,cpu,IDEA-Research/grounding-dino-tiny,success
46,45,P2701_0041.png,/Users/anirudhshashikumar/Desktop/VRSBench/grounding_smoke100/images/P2701_0041.png,storage-tank,The storage tank situated at the left edge of the image.,"[0.14, 0.29, 0.21, 0.36]",false,left,bottom-most,small,,false,true,,1171.293,0,[],,null,,,0.0,,,true,cpu,IDEA-Research/grounding-dino-tiny,null_prediction
47,46,P1384_0023.png,/Users/anirudhshashikumar/Desktop/VRSBench/grounding_smoke100/images/P1384_0023.png,swimming-pool,A swimming pool is noticeable towards the middle-left side of the image.,"[0.14, 0.35, 0.2, 0.39]",false,middle-left,,small,,false,true,,1165.141,1,"[{""bbox_normalized"": [0.0, 0.732421875, 0.24609375, 0.88671875], ""bbox_pixels"": [0, 375, 126, 454], ""score"": 0.684764, ""label"": ""a swimming pool""}]",0,"[0.0, 0.732421875, 0.24609375, 0.88671875]",a swimming pool,0.684764,0.0,0,0.684764,true,cpu,IDEA-Research/grounding-dino-tiny,oversized_box
48,47,P2592_0002.png,/Users/anirudhshashikumar/Desktop/VRSBench/grounding_smoke100/images/P2592_0002.png,tennis-court,The tennis court located on the left-most side at the bottom of the image is surrounded by greenery on three sides.,"[0.32, 0.71, 0.48, 0.94]",false,bottom,left-most,small,,false,true,,1172.407,0,[],,null,,,0.0,,,true,cpu,IDEA-Research/grounding-dino-tiny,null_prediction
49,48,10626_0000.png,/Users/anirudhshashikumar/Desktop/VRSBench/grounding_smoke100/images/10626_0000.png,trainstation,The train station is located towards the bottom-right of the image.,"[0.63, 0.61, 0.77, 1.0]",true,,,small,,true,true,,1160.266,0,[],,null,,,0.0,,,true,cpu,IDEA-Research/grounding-dino-tiny,null_prediction
50,49,P1029_0003.png,/Users/anirudhshashikumar/Desktop/VRSBench/grounding_smoke100/images/P1029_0003.png,vehicle,The only small-vehicle centrally located to the right side.,"[0.7, 0.57, 0.73, 0.63]",false,middle-right,,,,true,true,,1168.587,0,[],,null,,,0.0,,,true,cpu,IDEA-Research/grounding-dino-tiny,null_prediction
51,50,10024_0000.png,/Users/anirudhshashikumar/Desktop/VRSBench/grounding_smoke100/images/10024_0000.png,windmill,The windmill in the bottom-middle of the image is set against a background of predominantly curvilinear field patterns.,"[0.49, 0.71, 0.59, 0.74]",false,bottom-middle,,small,,false,true,,1171.54,1,"[{""bbox_normalized"": [0.642578125, 0.16796875, 0.794921875, 0.318359375], ""bbox_pixels"": [329, 86, 407, 163], ""score"": 0.513123, ""label"": ""the windmill""}]",0,"[0.642578125, 0.16796875, 0.794921875, 0.318359375]",the windmill,0.513123,0.0,0,0.513123,true,cpu,IDEA-Research/grounding-dino-tiny,oversized_box
52,51,P1672_0041.png,/Users/anirudhshashikumar/Desktop/VRSBench/grounding_smoke100/images/P1672_0041.png,airplane,The plane located towards the left-most side of the grouping on the tarmac.,"[0.61, 0.54, 0.66, 0.6]",false,,left-most,small,,false,true,,1161.536,0,[],,null,,,0.0,,,true,cpu,IDEA-Research/grounding-dino-tiny,null_prediction
53,52,08327_0000.png,/Users/anirudhshashikumar/Desktop/VRSBench/grounding_smoke100/images/08327_0000.png,airport,The airport in the image is distinguished by a prominent runway.,"[0.08, 0.09, 0.77, 0.67]",false,,,small,,true,true,,1162.379,1,"[{""bbox_normalized"": [0.0, 0.0, 1.0, 1.0], ""bbox_pixels"": [0, 0, 512, 512], ""score"": 0.545742, ""label"": ""the airport""}]",0,"[0.0, 0.0, 1.0, 1.0]",the airport,0.545742,0.40020000000000006,0,0.545742,true,cpu,IDEA-Research/grounding-dino-tiny,oversized_box
54,53,10079_0000.png,/Users/anirudhshashikumar/Desktop/VRSBench/grounding_smoke100/images/10079_0000.png,baseball-diamond,The baseball field located towards the top-middle of the image.,"[0.49, 0.09, 0.53, 0.13]",false,top-middle,right-most,small,,false,true,,1153.857,1,"[{""bbox_normalized"": [0.0, 0.0, 1.0, 1.0], ""bbox_pixels"": [0, 0, 512, 512], ""score"": 0.685326, ""label"": ""the baseball field""}]",0,"[0.0, 0.0, 1.0, 1.0]",the baseball field,0.685326,0.0016000000000000018,0,0.685326,true,cpu,IDEA-Research/grounding-dino-tiny,class_confusion
55,54,08727_0000.png,/Users/anirudhshashikumar/Desktop/VRSBench/grounding_smoke100/images/08727_0000.png,basketball-court,The basketball court is located on the right side of the image.,"[0.85, 0.52, 1.0, 0.98]",true,right,,small,,true,true,,1176.101,1,"[{""bbox_normalized"": [0.8125, 0.482421875, 1.0, 1.0], ""bbox_pixels"": [416, 247, 512, 512], ""score"": 0.461512, ""label"": ""the basketball court""}]",0,"[0.8125, 0.482421875, 1.0, 1.0]",the basketball court,0.461512,0.7110037735849057,0,0.461512,true,cpu,IDEA-Research/grounding-dino-tiny,success
56,55,P5789_2822.png,/Users/anirudhshashikumar/Desktop/VRSBench/grounding_smoke100/images/P5789_2822.png,bridge,The unique bridge located on the far left of the image.,"[0.0, 0.23, 0.06, 0.39]",false,left,left-most,small,,false,true,,1156.317,0,[],,null,,,0.0,,,true,cpu,IDEA-Research/grounding-dino-tiny,null_prediction
57,56,08039_0000.png,/Users/anirudhshashikumar/Desktop/VRSBench/grounding_smoke100/images/08039_0000.png,chimney,The larger chimney is located towards the bottom of the image.,"[0.28, 0.65, 0.66, 1.0]",true,,bottom-most,small,larger,false,true,,1173.883,0,[],,null,,,0.0,,,true,cpu,IDEA-Research/grounding-dino-tiny,null_prediction
58,57,P2733_0021.png,/Users/anirudhshashikumar/Desktop/VRSBench/grounding_smoke100/images/P2733_0021.png,container-crane,The container crane located at the middle-bottom area of the image.,"[0.22, 0.64, 0.52, 0.71]",false,,top-most,small,,false,true,,1201.244,0,[],,null,,,0.0,,,true,cpu,IDEA-Research/grounding-dino-tiny,null_prediction
59,58,11069_0000.png,/Users/anirudhshashikumar/Desktop/VRSBench/grounding_smoke100/images/11069_0000.png,dam,The dam is located towards the top middle section of the image and is characterized by its straight-edged structure.,"[0.39, 0.11, 0.43, 0.19]",false,top-middle,,small,,true,true,,1202.707,0,[],,null,,,0.0,,,true,cpu,IDEA-Research/grounding-dino-tiny,null_prediction
60,59,06058_0000.png,/Users/anirudhshashikumar/Desktop/VRSBench/grounding_smoke100/images/06058_0000.png,expressway-service-area,"The expressway service area occupies a significant portion of the image, extending from the central region to the bottom.","[0.15, 0.34, 0.67, 1.0]",true,,,,,true,true,,1190.86,0,[],,null,,,0.0,,,true,cpu,IDEA-Research/grounding-dino-tiny,null_prediction
61,60,09404_0000.png,/Users/anirudhshashikumar/Desktop/VRSBench/grounding_smoke100/images/09404_0000.png,expressway-toll-station,The expressway toll station located in the top-left quadrant.,"[0.25, 0.12, 0.3, 0.21]",false,top-left,,small,,true,true,,1159.124,0,[],,null,,,0.0,,,true,cpu,IDEA-Research/grounding-dino-tiny,null_prediction
62,61,06296_0000.png,/Users/anirudhshashikumar/Desktop/VRSBench/grounding_smoke100/images/06296_0000.png,golffield,The golf course is distinguishable by its large green expanse intermingled with sand traps and is located toward the center of the image.,"[0.2, 0.5, 0.59, 0.76]",false,,,small,,true,true,,1178.233,0,[],,null,,,0.0,,,true,cpu,IDEA-Research/grounding-dino-tiny,null_prediction
63,62,05893_0000.png,/Users/anirudhshashikumar/Desktop/VRSBench/grounding_smoke100/images/05893_0000.png,ground-track-field,The small ground track field is found towards the middle-left part of the image.,"[0.12, 0.34, 0.17, 0.42]",false,middle-left,,small,,true,true,,1177.945,0,[],,null,,,0.0,,,true,cpu,IDEA-Research/grounding-dino-tiny,null_prediction
64,63,10155_0000.png,/Users/anirudhshashikumar/Desktop/VRSBench/grounding_smoke100/images/10155_0000.png,harbor,The harbor positioned at the left area of the image extends into the water with ships moored along its length.,"[0.07, 0.22, 0.43, 0.63]",false,,bottom-most,small,,false,true,,1172.749,6,"[{""bbox_normalized"": [0.353515625, 0.44140625, 0.4375, 0.6328125], ""bbox_pixels"": [181, 226, 224, 324], ""score"": 0.567879, ""label"": ""ships""}, {""bbox_normalized"": [0.0703125, 0.41015625, 0.162109375, 0.619140625], ""bbox_pixels"": [36, 210, 83, 317], ""score"": 0.538537, ""label"": ""ships""}, {""bbox_normalized"": [0.25390625, 0.45703125, 0.330078125, 0.625], ""bbox_pixels"": [130, 234, 169, 320], ""score"": 0.497298, ""label"": ""ships""}, {""bbox_normalized"": [0.68359375, 0.3671875, 0.751953125, 0.505859375], ""bbox_pixels"": [350, 188, 385, 259], ""score"": 0.481863, ""label"": ""ships""}, {""bbox_normalized"": [0.166015625, 0.466796875, 0.251953125, 0.64453125], ""bbox_pixels"": [85, 239, 129, 330], ""score"": 0.470499, ""label"": ""ships""}, {""bbox_normalized"": [0.56640625, 0.380859375, 0.634765625, 0.513671875], ""bbox_pixels"": [290, 195, 325, 263], ""score"": 0.46439, ""label"": ""ships""}]",1,"[0.0703125, 0.41015625, 0.162109375, 0.619140625]",ships,0.538537,0.1299736622549331,0,0.567879,true,cpu,IDEA-Research/grounding-dino-tiny,class_confusion
65,64,P1508_0019.png,/Users/anirudhshashikumar/Desktop/VRSBench/grounding_smoke100/images/P1508_0019.png,helicopter,The helicopter parked on the helipad closer to the left edge of the image.,"[0.06, 0.7, 0.25, 0.93]",false,bottom-left,left-most,small,,false,true,,1171.531,1,"[{""bbox_normalized"": [0.0, 0.634765625, 0.265625, 0.94140625], ""bbox_pixels"": [0, 325, 136, 482], ""score"": 0.479436, ""label"": ""the helicopter""}]",0,"[0.0, 0.634765625, 0.265625, 0.94140625]",the helicopter,0.479436,0.5365161483701762,0,0.479436,true,cpu,IDEA-Research/grounding-dino-tiny,success
66,65,07426_0000.png,/Users/anirudhshashikumar/Desktop/VRSBench/grounding_smoke100/images/07426_0000.png,overpass,The overpass stretching horizontally across the image.,"[0.16, 0.62, 0.72, 0.98]",false,,,,,true,true,,1170.501,1,"[{""bbox_normalized"": [0.0, 0.580078125, 1.0, 1.0], ""bbox_pixels"": [0, 297, 512, 512], ""score"": 0.459698, ""label"": ""the overpass""}]",0,"[0.0, 0.580078125, 1.0, 1.0]",the overpass,0.459698,0.48008930232558134,0,0.459698,true,cpu,IDEA-Research/grounding-dino-tiny,oversized_box
67,66,P7464_0001.png,/Users/anirudhshashikumar/Desktop/VRSBench/grounding_smoke100/images/P7464_0001.png,roundabout,The roundabout is located at the central junction where multiple roads converge.,"[0.46, 0.39, 0.49, 0.41]",false,center,,small,,true,true,,1164.187,1,"[{""bbox_normalized"": [0.0, 0.0, 1.0, 1.0], ""bbox_pixels"": [0, 0, 512, 512], ""score"": 0.451985, ""label"": ""the roundabout""}]",0,"[0.0, 0.0, 1.0, 1.0]",the roundabout,0.451985,0.0005999999999999984,0,0.451985,true,cpu,IDEA-Research/grounding-dino-tiny,oversized_box
68,67,P5171_0003.png,/Users/anirudhshashikumar/Desktop/VRSBench/grounding_smoke100/images/P5171_0003.png,ship,The ship closer to the bottom-middle is situated at the bottom position of the two ships.,"[0.46, 0.81, 0.48, 0.84]",false,bottom-middle,bottom-most,small,,false,true,,1191.773,0,[],,null,,,0.0,,,true,cpu,IDEA-Research/grounding-dino-tiny,null_prediction
69,68,P2365_0021.png,/Users/anirudhshashikumar/Desktop/VRSBench/grounding_smoke100/images/P2365_0021.png,soccer-ball-field,The soccer ball field in the upper left area of the image.,"[0.1, 0.0, 0.2, 0.05]",false,top-left,,small,,true,true,,1165.334,0,[],,null,,,0.0,,,true,cpu,IDEA-Research/grounding-dino-tiny,null_prediction
70,69,10885_0000.png,/Users/anirudhshashikumar/Desktop/VRSBench/grounding_smoke100/images/10885_0000.png,stadium,The stadium in the image is characterized by its yellow seats and a green playing field.,"[0.5, 0.53, 1.0, 1.0]",true,,,small,,true,true,,1170.134,1,"[{""bbox_normalized"": [0.646484375, 0.666015625, 0.89453125, 0.998046875], ""bbox_pixels"": [331, 341, 458, 511], ""score"": 0.585632, ""label"": ""a green playing field""}]",0,"[0.646484375, 0.666015625, 0.89453125, 0.998046875]",a green playing field,0.585632,0.35046516580784576,0,0.585632,true,cpu,IDEA-Research/grounding-dino-tiny,class_confusion
71,70,07997_0000.png,/Users/anirudhshashikumar/Desktop/VRSBench/grounding_smoke100/images/07997_0000.png,storage-tank,"The storage tank with  situated on the right side of the image, partially cut off by the frame.","[0.74, 0.61, 1.0, 0.84]",true,right,,small,,true,true,,1169.8,1,"[{""bbox_normalized"": [0.697265625, 0.494140625, 1.0, 0.853515625], ""bbox_pixels"": [357, 253, 512, 437], ""score"": 0.476644, ""label"": ""the storage tank""}]",0,"[0.697265625, 0.494140625, 1.0, 0.853515625]",the storage tank,0.476644,0.5496567741935484,0,0.476644,true,cpu,IDEA-Research/grounding-dino-tiny,success
72,71,P1384_0081.png,/Users/anirudhshashikumar/Desktop/VRSBench/grounding_smoke100/images/P1384_0081.png,swimming-pool,The swimming pool is located in the middle-left of the image.,"[0.09, 0.33, 0.14, 0.35]",false,middle-left,,small,,true,true,,1164.408,0,[],,null,,,0.0,,,true,cpu,IDEA-Research/grounding-dino-tiny,null_prediction
73,72,05952_0000.png,/Users/anirudhshashikumar/Desktop/VRSBench/grounding_smoke100/images/05952_0000.png,tennis-court,The left-most tennis court is located at the top-middle section of the image.,"[0.47, 0.04, 0.61, 0.24]",false,top-middle,left-most,small,,false,true,,1169.31,0,[],,null,,,0.0,,,true,cpu,IDEA-Research/grounding-dino-tiny,null_prediction
74,73,07466_0000.png,/Users/anirudhshashikumar/Desktop/VRSBench/grounding_smoke100/images/07466_0000.png,trainstation,The train station is located towards the middle and widening towards the bottom of the frame.,"[0.28, 0.45, 0.52, 1.0]",true,,,small,,true,true,,1166.926,0,[],,null,,,0.0,,,true,cpu,IDEA-Research/grounding-dino-tiny,null_prediction
75,74,P6089_0002.png,/Users/anirudhshashikumar/Desktop/VRSBench/grounding_smoke100/images/P6089_0002.png,vehicle,The small vehicle located towards the middle-right of the image.,"[0.74, 0.56, 0.77, 0.59]",false,middle-right,right-most,,,false,true,,1157.774,0,[],,null,,,0.0,,,true,cpu,IDEA-Research/grounding-dino-tiny,null_prediction
76,75,10203_0000.png,/Users/anirudhshashikumar/Desktop/VRSBench/grounding_smoke100/images/10203_0000.png,windmill,The windmill with large blades is located on the right side of the image.,"[0.74, 0.65, 0.94, 0.84]",false,right,,large,,true,true,,1173.623,1,"[{""bbox_normalized"": [0.677734375, 0.34375, 0.9375, 0.849609375], ""bbox_pixels"": [347, 176, 480, 435], ""score"": 0.616027, ""label"": ""the windmill""}]",0,"[0.677734375, 0.34375, 0.9375, 0.849609375]",the windmill,0.616027,0.2845392408335758,0,0.616027,true,cpu,IDEA-Research/grounding-dino-tiny,oversized_box
77,76,P1179_0044.png,/Users/anirudhshashikumar/Desktop/VRSBench/grounding_smoke100/images/P1179_0044.png,airplane,The small airplane located towards the middle-right of the image.,"[0.89, 0.39, 0.98, 0.49]",false,middle-right,bottom-most,small,,false,true,,1167.692,0,[],,null,,,0.0,,,true,cpu,IDEA-Research/grounding-dino-tiny,null_prediction
78,77,11260_0000.png,/Users/anirudhshashikumar/Desktop/VRSBench/grounding_smoke100/images/11260_0000.png,airport,"The airport occupies a significant portion of the image, centered and spanning from the middle to the right edge.","[0.08, 0.58, 1.0, 0.8]",true,,,small,,true,true,,1167.38,0,[],,null,,,0.0,,,true,cpu,IDEA-Research/grounding-dino-tiny,null_prediction
79,78,P1583_0054.png,/Users/anirudhshashikumar/Desktop/VRSBench/grounding_smoke100/images/P1583_0054.png,baseball-diamond,The baseball diamond located towards the top-middle of the image has its right corner closer to the image's center.,"[0.42, 0.0, 0.57, 0.1]",false,top-middle,right-most,small,,false,true,,1169.748,1,"[{""bbox_normalized"": [0.150390625, 0.0, 0.693359375, 0.2578125], ""bbox_pixels"": [77, 0, 355, 132], ""score"": 0.467531, ""label"": ""the baseball diamond""}]",0,"[0.150390625, 0.0, 0.693359375, 0.2578125]",the baseball diamond,0.467531,0.10715500327011117,0,0.467531,true,cpu,IDEA-Research/grounding-dino-tiny,oversized_box
80,79,08153_0000.png,/Users/anirudhshashikumar/Desktop/VRSBench/grounding_smoke100/images/08153_0000.png,basketball-court,"The basketball court, located towards the bottom-right of the satellite image.","[0.74, 0.73, 0.96, 0.88]",false,bottom-right,,small,,true,true,,1173.597,1,"[{""bbox_normalized"": [0.0, 0.349609375, 0.73828125, 1.0], ""bbox_pixels"": [0, 179, 378, 512], ""score"": 0.50829, ""label"": ""the basketball court""}]",0,"[0.0, 0.349609375, 0.73828125, 1.0]",the basketball court,0.50829,0.0,0,0.50829,true,cpu,IDEA-Research/grounding-dino-tiny,oversized_box
81,80,P5789_2803.png,/Users/anirudhshashikumar/Desktop/VRSBench/grounding_smoke100/images/P5789_2803.png,bridge,The bridge positioned in the top-middle section of the image.,"[0.61, 0.03, 0.64, 0.05]",false,top-middle,top-most,small,,false,true,,1170.128,0,[],,null,,,0.0,,,true,cpu,IDEA-Research/grounding-dino-tiny,null_prediction
82,81,06459_0000.png,/Users/anirudhshashikumar/Desktop/VRSBench/grounding_smoke100/images/06459_0000.png,chimney,The chimney is cylindrical with a darker tone at the opening and is positioned at the bottom right of the image.,"[0.36, 0.36, 1.0, 1.0]",true,,,small,,true,true,,1167.271,1,"[{""bbox_normalized"": [0.3515625, 0.0, 1.0, 1.0], ""bbox_pixels"": [180, 0, 512, 512], ""score"": 0.536477, ""label"": ""the chimney""}]",0,"[0.3515625, 0.0, 1.0, 1.0]",the chimney,0.536477,0.6316722891566265,0,0.536477,true,cpu,IDEA-Research/grounding-dino-tiny,success
83,82,P2733_0027.png,/Users/anirudhshashikumar/Desktop/VRSBench/grounding_smoke100/images/P2733_0027.png,container-crane,The container crane towards the bottom right corner of the image.,"[0.88, 0.84, 1.0, 0.92]",true,bottom-right,,small,,true,true,,1153.332,0,[],,null,,,0.0,,,true,cpu,IDEA-Research/grounding-dino-tiny,null_prediction
84,83,08362_0000.png,/Users/anirudhshashikumar/Desktop/VRSBench/grounding_smoke100/images/08362_0000.png,dam,The dam is located at the edge of the body of water.,"[0.37, 0.58, 1.0, 1.0]",true,,,small,,true,true,,1171.879,0,[],,null,,,0.0,,,true,cpu,IDEA-Research/grounding-dino-tiny,null_prediction
85,84,08852_0000.png,/Users/anirudhshashikumar/Desktop/VRSBench/grounding_smoke100/images/08852_0000.png,expressway-service-area,The expressway service area located at the center of the image.,"[0.15, 0.21, 0.69, 1.0]",true,,,small,,true,true,,1170.362,0,[],,null,,,0.0,,,true,cpu,IDEA-Research/grounding-dino-tiny,null_prediction
86,85,11639_0000.png,/Users/anirudhshashikumar/Desktop/VRSBench/grounding_smoke100/images/11639_0000.png,expressway-toll-station,"The expressway-toll station is notable due to its presence spanning from the center to the right edge of the image, with its characteristic long, narrow structure.","[0.44, 0.45, 0.8, 1.0]",true,,,small,,true,true,,1201.578,0,[],,null,,,0.0,,,true,cpu,IDEA-Research/grounding-dino-tiny,null_prediction
87,86,11584_0000.png,/Users/anirudhshashikumar/Desktop/VRSBench/grounding_smoke100/images/11584_0000.png,golffield,"The small golf course is located in the top right quadrant of the image, adjacent to areas of rugged terrain.","[0.54, 0.42, 1.0, 1.0]",true,,,small,,true,true,,1177.039,0,[],,null,,,0.0,,,true,cpu,IDEA-Research/grounding-dino-tiny,null_prediction
88,87,08447_0000.png,/Users/anirudhshashikumar/Desktop/VRSBench/grounding_smoke100/images/08447_0000.png,ground-track-field,The ground track field is distinguished by its oval shape with green center on the right side of the image.,"[0.91, 0.64, 0.98, 0.69]",false,right,,small,,true,true,,1184.364,1,"[{""bbox_normalized"": [0.0, 0.0, 1.0, 1.0], ""bbox_pixels"": [0, 0, 512, 512], ""score"": 0.498108, ""label"": ""the ground track field""}]",0,"[0.0, 0.0, 1.0, 1.0]",the ground track field,0.498108,0.0034999999999999927,0,0.498108,true,cpu,IDEA-Research/grounding-dino-tiny,oversized_box
89,88,P1275_0028.png,/Users/anirudhshashikumar/Desktop/VRSBench/grounding_smoke100/images/P1275_0028.png,harbor,The harbor is located at the bottom of the image.,"[0.53, 0.91, 0.7, 0.96]",false,bottom,,small,,true,true,,1232.331,1,"[{""bbox_normalized"": [0.0, 0.0, 1.0, 1.0], ""bbox_pixels"": [0, 0, 512, 512], ""score"": 0.458812, ""label"": ""the harbor""}]",0,"[0.0, 0.0, 1.0, 1.0]",the harbor,0.458812,0.008499999999999985,0,0.458812,true,cpu,IDEA-Research/grounding-dino-tiny,oversized_box
90,89,P1508_0010.png,/Users/anirudhshashikumar/Desktop/VRSBench/grounding_smoke100/images/P1508_0010.png,helicopter,The small helicopter is located at the bottom-left area of the image.,"[0.26, 0.71, 0.44, 0.96]",false,bottom,,small,,true,true,,1175.308,1,"[{""bbox_normalized"": [0.205078125, 0.689453125, 0.451171875, 1.0], ""bbox_pixels"": [105, 353, 231, 512], ""score"": 0.746804, ""label"": ""the small helicopter""}]",0,"[0.205078125, 0.689453125, 0.451171875, 1.0]",the small helicopter,0.746804,0.5888230008984726,0,0.746804,true,cpu,IDEA-Research/grounding-dino-tiny,success
91,90,08116_0000.png,/Users/anirudhshashikumar/Desktop/VRSBench/grounding_smoke100/images/08116_0000.png,overpass,The overpass crosses over the highway on the lower part of the image.,"[0.25, 0.67, 1.0, 0.96]",true,,,small,,true,true,,1182.718,0,[],,null,,,0.0,,,true,cpu,IDEA-Research/grounding-dino-tiny,null_prediction
92,91,P1283_0017.png,/Users/anirudhshashikumar/Desktop/VRSBench/grounding_smoke100/images/P1283_0017.png,roundabout,The roundabout is located near the center of the image.,"[0.3, 0.35, 0.35, 0.39]",false,,,small,,true,true,,1165.985,0,[],,null,,,0.0,,,true,cpu,IDEA-Research/grounding-dino-tiny,null_prediction
93,92,09281_0000.png,/Users/anirudhshashikumar/Desktop/VRSBench/grounding_smoke100/images/09281_0000.png,ship,The large ship located at the top-most area of the image.,"[0.43, 0.45, 0.64, 1.0]",true,,top-most,large,largeest,false,true,,1166.692,1,"[{""bbox_normalized"": [0.43359375, 0.44921875, 1.0, 1.0], ""bbox_pixels"": [222, 230, 512, 512], ""score"": 0.872264, ""label"": ""the large ship""}]",0,"[0.43359375, 0.44921875, 1.0, 1.0]",the large ship,0.872264,0.3616058218761289,0,0.872264,true,cpu,IDEA-Research/grounding-dino-tiny,boundary_clipping_case
94,93,P2351_0004.png,/Users/anirudhshashikumar/Desktop/VRSBench/grounding_smoke100/images/P2351_0004.png,soccer-ball-field,The soccer ball field is located at the bottom-left section of the image.,"[0.19, 0.88, 0.31, 1.0]",true,bottom-left,,small,,true,true,,1182.958,0,[],,null,,,0.0,,,true,cpu,IDEA-Research/grounding-dino-tiny,null_prediction
95,94,10653_0000.png,/Users/anirudhshashikumar/Desktop/VRSBench/grounding_smoke100/images/10653_0000.png,stadium,The stadium with a playing field and seating areas is prominently visible in the image.,"[0.15, 0.38, 0.97, 0.93]",false,,,,,true,true,,1169.152,0,[],,null,,,0.0,,,true,cpu,IDEA-Research/grounding-dino-tiny,null_prediction
96,95,10831_0000.png,/Users/anirudhshashikumar/Desktop/VRSBench/grounding_smoke100/images/10831_0000.png,storage-tank,"The largest storage tank, located at the bottom right corner of the image.","[0.75, 0.78, 1.0, 1.0]",true,bottom-right,bottom-most,small,largeest,false,true,,1183.642,0,[],,null,,,0.0,,,true,cpu,IDEA-Research/grounding-dino-tiny,null_prediction
97,96,P0060_0000.png,/Users/anirudhshashikumar/Desktop/VRSBench/grounding_smoke100/images/P0060_0000.png,swimming-pool,"The swimming pool at middle-left, closer to the empty sandy lot is surrounded by green foliage.","[0.37, 0.61, 0.48, 0.71]",false,,top-most,small,,false,true,,1174.445,1,"[{""bbox_normalized"": [0.255859375, 0.57421875, 1.0, 1.0], ""bbox_pixels"": [131, 294, 512, 512], ""score"": 0.603229, ""label"": ""green foliage""}]",0,"[0.255859375, 0.57421875, 1.0, 1.0]",green foliage,0.603229,0.034717715331455117,0,0.603229,true,cpu,IDEA-Research/grounding-dino-tiny,class_confusion
98,97,P2571_0004.png,/Users/anirudhshashikumar/Desktop/VRSBench/grounding_smoke100/images/P2571_0004.png,tennis-court,The largest tennis court is located in the middle-right side of the image.,"[0.68, 0.17, 1.0, 0.6]",true,,top-most,small,largeest,false,true,,1175.765,1,"[{""bbox_normalized"": [0.0, 0.271484375, 0.6484375, 1.0], ""bbox_pixels"": [0, 139, 332, 512], ""score"": 0.46318, ""label"": ""the largest tennis court""}]",0,"[0.0, 0.271484375, 0.6484375, 1.0]",the largest tennis court,0.46318,0.0,0,0.46318,true,cpu,IDEA-Research/grounding-dino-tiny,boundary_clipping_case
99,98,06755_0000.png,/Users/anirudhshashikumar/Desktop/VRSBench/grounding_smoke100/images/06755_0000.png,trainstation,The train station in the image is distinguishable by its particular shape and its location amidst the high-rise urban environment.,"[0.56, 0.45, 1.0, 1.0]",true,,,small,,true,true,,1202.818,0,[],,null,,,0.0,,,true,cpu,IDEA-Research/grounding-dino-tiny,null_prediction
100,99,P0368_0003.png,/Users/anirudhshashikumar/Desktop/VRSBench/grounding_smoke100/images/P0368_0003.png,vehicle,"The small white vehicle located in the top-right corner of the image, parked near the building with beige roof.","[0.8, 0.1, 0.87, 0.16]",false,top-right,right-most,,,false,true,,1184.808,0,[],,null,,,0.0,,,true,cpu,IDEA-Research/grounding-dino-tiny,null_prediction
