manifest_index,smoke_id,image,image_path,object_class,referring_sentence,ground_truth_bbox,bbox_was_clipped,completed,error,selected_query_index,query_logit,confidence,base_box_cxcywh,refined_box_cxcywh,predicted_bbox,iou,predicted_box_area,ground_truth_box_area,area_ratio,oversized,undersized,latency_ms,device,base_checkpoint,specialist_checkpoint_sha256
1,0,P5789_1915.png,/Users/anirudhshashikumar/Desktop/VRSBench/grounding_smoke100/images/P5789_1915.png,airplane,"The plane positioned closest to the bottom edge of the image, below the first plane.","[0.52, 0.88, 0.61, 0.97]",false,true,,4,-1.6198594570159912,0.16522425413131714,"[0.48618730902671814, 0.8423795700073242, 0.0622609481215477, 0.08238358795642853]","[0.48813125491142273, 0.843052864074707, 0.06737300008535385, 0.0957241803407669]","[0.4544447660446167, 0.7951907515525818, 0.5218177437782288, 0.8909149765968323]",0.0013655662769451737,0.006449226082473558,0.008099999999999994,0.7962007509226621,false,false,1394.6731249999998,cpu,IDEA-Research/grounding-dino-tiny,cfa56beaeb2d41c44660be80d1cf2400d71e0332e183d9b4bf8a78710c61c599
2,1,P9170_0002.png,/Users/anirudhshashikumar/Desktop/VRSBench/grounding_smoke100/images/P9170_0002.png,airport,"The small airport is situated towards the bottom-left of the image, surrounded by green fields.","[0.03, 0.77, 0.04, 1.0]",true,true,,4,-1.3422393798828125,0.20714204013347626,"[0.40223848819732666, 0.5076073408126831, 0.08215533941984177, 0.10714566707611084]","[0.4041391611099243, 0.5137985944747925, 0.07430164515972137, 0.10523098707199097]","[0.36698833107948303, 0.461183100938797, 0.4412899911403656, 0.5664141178131104]",0.0,0.007818839243656228,0.0023000000000000004,3.3994953233287943,true,false,1445.7666250000004,cpu,IDEA-Research/grounding-dino-tiny,cfa56beaeb2d41c44660be80d1cf2400d71e0332e183d9b4bf8a78710c61c599
3,2,07239_0000.png,/Users/anirudhshashikumar/Desktop/VRSBench/grounding_smoke100/images/07239_0000.png,baseball-diamond,The unique baseball field visible in the image has a distinct diamond shape and occupies a large area.,"[0.32, 0.61, 0.73, 1.0]",true,true,,0,-1.4641687870025635,0.18783055245876312,"[0.5000485181808472, 0.5000081062316895, 0.9999953508377075, 0.9999995231628418]","[0.5450079441070557, 0.5052587389945984, 1.0, 1.0]","[0.045007944107055664, 0.005258738994598389, 1.0, 1.0]",0.16832111775875092,0.9499700019290884,0.1599,5.9410256530899845,true,false,1153.1276249999999,cpu,IDEA-Research/grounding-dino-tiny,cfa56beaeb2d41c44660be80d1cf2400d71e0332e183d9b4bf8a78710c61c599
4,3,07778_0000.png,/Users/anirudhshashikumar/Desktop/VRSBench/grounding_smoke100/images/07778_0000.png,basketball-court,The basketball court is bordered by white lines and occupies a large rectangular area with its long side parallel to the nearby building.,"[0.3, 0.42, 0.99, 0.79]",false,true,,5,-1.3615567684173584,0.20398738980293274,"[0.6476167440414429, 0.6098641157150269, 0.7046560645103455, 0.4013574421405792]","[0.6737958192825317, 0.62554931640625, 0.7017355561256409, 0.4274190068244934]","[0.3229280412197113, 0.4118398129940033, 1.0, 0.8392587900161743]",0.8285863399505615,0.28939340399226854,0.2553,1.1335425146583178,false,false,1186.8869999999995,cpu,IDEA-Research/grounding-dino-tiny,cfa56beaeb2d41c44660be80d1cf2400d71e0332e183d9b4bf8a78710c61c599
5,4,09652_0000.png,/Users/anirudhshashikumar/Desktop/VRSBench/grounding_smoke100/images/09652_0000.png,bridge,The bridge is noticeable near the bottom of the image extending from bottom to top.,"[0.62, 0.64, 0.77, 0.96]",false,true,,29,-1.7967054843902588,0.142252579331398,"[0.08267942070960999, 0.24468053877353668, 0.1346195638179779, 0.11588405817747116]","[0.09070535749197006, 0.2457028031349182, 0.1569543182849884, 0.10922292619943619]","[0.01222819834947586, 0.19109134376049042, 0.16918250918388367, 0.3003142774105072]",0.0,0.017143010278350634,0.048,0.3571460474656382,false,true,1164.153917,cpu,IDEA-Research/grounding-dino-tiny,cfa56beaeb2d41c44660be80d1cf2400d71e0332e183d9b4bf8a78710c61c599
6,5,06700_0000.png,/Users/anirudhshashikumar/Desktop/VRSBench/grounding_smoke100/images/06700_0000.png,chimney,The chimney depicted is cylindrical with a dark opening visible at the top.,"[0.02, 0.43, 0.73, 1.0]",true,true,,0,-1.4100756645202637,0.19622212648391724,"[0.5627498626708984, 0.6184036135673523, 0.34698012471199036, 0.34311407804489136]","[0.5690539479255676, 0.6195282936096191, 0.3438466489315033, 0.3549484610557556]","[0.3971306085586548, 0.44205406308174133, 0.7409772872924805, 0.7970025539398193]",0.28916430473327637,0.12204785970313381,0.4047,0.3015761297334663,false,true,1166.2606249999997,cpu,IDEA-Research/grounding-dino-tiny,cfa56beaeb2d41c44660be80d1cf2400d71e0332e183d9b4bf8a78710c61c599
7,6,P2733_0029.png,/Users/anirudhshashikumar/Desktop/VRSBench/grounding_smoke100/images/P2733_0029.png,container-crane,The small container crane at the bottom-left of the image.,"[0.11, 0.8, 0.28, 0.94]",false,true,,39,-1.3330512046813965,0.20865510404109955,"[0.31502798199653625, 0.6806955933570862, 0.16395795345306396, 0.1484646499156952]","[0.325022429227829, 0.6819040775299072, 0.16961319744586945, 0.1447836011648178]","[0.24021583795547485, 0.6095122694969177, 0.4098290205001831, 0.7542958855628967]",0.0,0.02455720990128185,0.023799999999999988,1.0318155420706665,false,false,1148.4125410000008,cpu,IDEA-Research/grounding-dino-tiny,cfa56beaeb2d41c44660be80d1cf2400d71e0332e183d9b4bf8a78710c61c599
8,7,08435_0000.png,/Users/anirudhshashikumar/Desktop/VRSBench/grounding_smoke100/images/08435_0000.png,dam,The dam is situated along the bottom edge of the image.,"[0.59, 0.74, 0.96, 1.0]",true,true,,0,-1.5779969692230225,0.1710793375968933,"[0.7895752787590027, 0.8686517477035522, 0.42042267322540283, 0.26317256689071655]","[0.8179895281791687, 0.8792982697486877, 0.436636358499527, 0.2871899902820587]","[0.5996713638305664, 0.7357032895088196, 1.0, 1.0]",0.8648942708969116,0.10580554165500189,0.09620000000000001,1.09984970535345,false,false,1154.4157500000001,cpu,IDEA-Research/grounding-dino-tiny,cfa56beaeb2d41c44660be80d1cf2400d71e0332e183d9b4bf8a78710c61c599
9,8,09793_0000.png,/Users/anirudhshashikumar/Desktop/VRSBench/grounding_smoke100/images/09793_0000.png,expressway-service-area,"The expressway-service area is distinguishable on the right side, featuring various buildings and a parking lot.","[0.4, 0.13, 1.0, 1.0]",true,true,,0,-1.659252405166626,0.15986236929893494,"[0.5000603795051575, 0.5002894997596741, 1.0, 0.9999409914016724]","[0.5381643176078796, 0.5048335790634155, 1.0, 1.0]","[0.03816431760787964, 0.004833579063415527, 1.0, 1.0]",0.5453482866287231,0.9571865735752638,0.522,1.833690753975601,false,false,1192.6421250000008,cpu,IDEA-Research/grounding-dino-tiny,cfa56beaeb2d41c44660be80d1cf2400d71e0332e183d9b4bf8a78710c61c599
10,9,09151_0000.png,/Users/anirudhshashikumar/Desktop/VRSBench/grounding_smoke100/images/09151_0000.png,expressway-toll-station,The small expressway toll station is situated in the top-left region of the image.,"[0.06, 0.04, 0.13, 0.07]",false,true,,0,-1.649918794631958,0.16111993789672852,"[0.5000596642494202, 0.4999338388442993, 1.0, 1.0]","[0.5373788475990295, 0.5056442022323608, 1.0, 1.0]","[0.03737884759902954, 0.00564420223236084, 1.0, 1.0]",0.002193926367908716,0.9571879239436711,0.0021000000000000007,455.8037733065099,true,false,1203.5806669999988,cpu,IDEA-Research/grounding-dino-tiny,cfa56beaeb2d41c44660be80d1cf2400d71e0332e183d9b4bf8a78710c61c599
11,10,11496_0000.png,/Users/anirudhshashikumar/Desktop/VRSBench/grounding_smoke100/images/11496_0000.png,golffield,"The golf field featuring a series of small green patches and sand traps is situated in the lower right quadrant, surrounded by more densely vegetated areas.","[0.29, 0.4, 1.0, 1.0]",true,true,,18,-1.2778089046478271,0.21792341768741608,"[0.1826699674129486, 0.7234500646591187, 0.36570748686790466, 0.5533349514007568]","[0.19015197455883026, 0.7281295657157898, 0.3467901051044464, 0.5492783188819885]","[0.016756922006607056, 0.45349040627479553, 0.36354702711105347, 1.0]",0.06986279040575027,0.18952411944855196,0.426,0.4448922991750046,false,true,1187.1957919999988,cpu,IDEA-Research/grounding-dino-tiny,cfa56beaeb2d41c44660be80d1cf2400d71e0332e183d9b4bf8a78710c61c599
12,11,P1647_0019.png,/Users/anirudhshashikumar/Desktop/VRSBench/grounding_smoke100/images/P1647_0019.png,ground-track-field,The ground track field featured in the image is located in the central part of the image.,"[0.16, 0.26, 0.67, 0.55]",false,true,,0,-1.6083059310913086,0.16682395339012146,"[0.4999910593032837, 0.5002526640892029, 0.9999998807907104, 0.999998927116394]","[0.538557767868042, 0.5065862536430359, 1.0, 1.0]","[0.03855776786804199, 0.006586253643035889, 1.0, 1.0]",0.1548513025045395,0.9551099297280103,0.14790000000000003,6.457808855497026,true,false,1180.6356669999989,cpu,IDEA-Research/grounding-dino-tiny,cfa56beaeb2d41c44660be80d1cf2400d71e0332e183d9b4bf8a78710c61c599
13,12,10901_0000.png,/Users/anirudhshashikumar/Desktop/VRSBench/grounding_smoke100/images/10901_0000.png,harbor,The harbor located on the left-most side of the image has several ships docked with more vacant slots visible.,"[0.09, 0.09, 0.46, 1.0]",true,true,,22,-1.306415319442749,0.2130873054265976,"[0.8804323673248291, 0.3911169767379761, 0.13909047842025757, 0.09896621108055115]","[0.8943434357643127, 0.3672342896461487, 0.13560537993907928, 0.0895804613828659]","[0.8265407681465149, 0.32244405150413513, 0.9621461033821106, 0.41202452778816223]",0.0,0.012147590517059825,0.3367,0.036078379914047595,false,true,1215.0072910000026,cpu,IDEA-Research/grounding-dino-tiny,cfa56beaeb2d41c44660be80d1cf2400d71e0332e183d9b4bf8a78710c61c599
14,13,P1508_0026.png,/Users/anirudhshashikumar/Desktop/VRSBench/grounding_smoke100/images/P1508_0026.png,helicopter,The helicopter located towards the bottom-left of the image.,"[0.04, 0.7, 0.12, 0.93]",false,true,,0,-1.4940848350524902,0.183309406042099,"[0.061356667429208755, 0.7998100519180298, 0.11873143911361694, 0.2542213201522827]","[0.07476320117712021, 0.8135008215904236, 0.12183666229248047, 0.275918185710907]","[0.013844870030879974, 0.6755417585372925, 0.13568153977394104, 0.9514598846435547]",0.5473430156707764,0.033616945606532944,0.018400000000000003,1.8270079133985293,false,false,1179.0420000000026,cpu,IDEA-Research/grounding-dino-tiny,cfa56beaeb2d41c44660be80d1cf2400d71e0332e183d9b4bf8a78710c61c599
15,14,P5171_0027.png,/Users/anirudhshashikumar/Desktop/VRSBench/grounding_smoke100/images/P5171_0027.png,helipad,"The helipad situated in the middle-right of the image is characterized by its geometric marking, with a visible central circle and surrounding square.","[0.75, 0.35, 0.92, 0.5]",false,true,,0,-1.2989352941513062,0.21434426307678223,"[0.8352510929107666, 0.42394763231277466, 0.1815797984600067, 0.16114604473114014]","[0.8349351286888123, 0.43202102184295654, 0.18358652293682098, 0.14341558516025543]","[0.7431418895721436, 0.3603132367134094, 0.926728367805481, 0.5037288069725037]",0.8456094264984131,0.026329159467692875,0.02550000000000001,1.032516057556583,false,false,1188.3965829999993,cpu,IDEA-Research/grounding-dino-tiny,cfa56beaeb2d41c44660be80d1cf2400d71e0332e183d9b4bf8a78710c61c599
16,15,09861_0000.png,/Users/anirudhshashikumar/Desktop/VRSBench/grounding_smoke100/images/09861_0000.png,overpass,The overpass located towards the bottom left of the image is the one closest to the bottom edge.,"[0.06, 0.94, 0.16, 0.99]",false,true,,0,-1.5924041271209717,0.16904592514038086,"[0.767219066619873, 0.7290185689926147, 0.45329317450523376, 0.23843920230865479]","[0.7838807106018066, 0.7453998327255249, 0.4549103081226349, 0.2491646111011505]","[0.5564255714416504, 0.6208175420761108, 1.0, 0.869982123374939]",0.0,0.11052303676660813,0.0050000000000000044,22.104607353321605,true,false,1179.5781250000025,cpu,IDEA-Research/grounding-dino-tiny,cfa56beaeb2d41c44660be80d1cf2400d71e0332e183d9b4bf8a78710c61c599
17,16,P1666_0018.png,/Users/anirudhshashikumar/Desktop/VRSBench/grounding_smoke100/images/P1666_0018.png,roundabout,The roundabout visible in the top-right section of the image.,"[0.87, 0.17, 0.92, 0.22]",false,true,,0,-1.588366985321045,0.169613778591156,"[0.5001208186149597, 0.4997279942035675, 1.0, 0.9998593330383301]","[0.5420750379562378, 0.4939793050289154, 1.0, 1.0]","[0.04207503795623779, 0.0, 1.0, 0.9939793348312378]",0.0026256160344928503,0.9521576165904975,0.002500000000000002,380.8630466361987,true,false,1153.177042000003,cpu,IDEA-Research/grounding-dino-tiny,cfa56beaeb2d41c44660be80d1cf2400d71e0332e183d9b4bf8a78710c61c599
18,17,P0949_0007.png,/Users/anirudhshashikumar/Desktop/VRSBench/grounding_smoke100/images/P0949_0007.png,ship,The leftmost ship located in the top-right part of the image.,"[0.84, 0.08, 0.89, 0.15]",false,true,,5,-1.2212905883789062,0.22770941257476807,"[0.6865419745445251, 0.012225843966007233, 0.1710232049226761, 0.024574600160121918]","[0.6845338940620422, 0.0, 0.1759154349565506, 0.024844862520694733]","[0.5965761542320251, 0.0, 0.7724916338920593, 0.012422431260347366]",0.0,0.00218529795370781,0.0035000000000000027,0.6243708439165166,false,false,1194.3994579999994,cpu,IDEA-Research/grounding-dino-tiny,cfa56beaeb2d41c44660be80d1cf2400d71e0332e183d9b4bf8a78710c61c599
19,18,P0242_0003.png,/Users/anirudhshashikumar/Desktop/VRSBench/grounding_smoke100/images/P0242_0003.png,soccer-ball-field,The soccer ball field can be identified by its location towards the top-left corner of the image.,"[0.0, 0.0, 0.61, 0.57]",false,true,,0,-1.4418716430664062,0.19125567376613617,"[0.3432246148586273, 0.3251533508300781, 0.6860197186470032, 0.6496914625167847]","[0.37187954783439636, 0.32484930753707886, 0.696160614490509, 0.6619768738746643]","[0.023799240589141846, 0.0, 0.7199598550796509, 0.6558377742767334]",0.7107217311859131,0.4565684279465785,0.34769999999999995,1.3131102328058055,false,false,1212.4153750000025,cpu,IDEA-Research/grounding-dino-tiny,cfa56beaeb2d41c44660be80d1cf2400d71e0332e183d9b4bf8a78710c61c599
20,19,08683_0000.png,/Users/anirudhshashikumar/Desktop/VRSBench/grounding_smoke100/images/08683_0000.png,stadium,The stadium with a partially translucent roof is located in the bottom right quadrant of the image.,"[0.48, 0.36, 1.0, 0.99]",true,true,,0,-1.4283158779144287,0.19336122274398804,"[0.7403346300125122, 0.6964181661605835, 0.5178298354148865, 0.5866954922676086]","[0.7662016153335571, 0.7048540711402893, 0.5127252340316772, 0.6064250469207764]","[0.5098389983177185, 0.4016415476799011, 1.0, 1.0]",0.8673353791236877,0.29329197835427934,0.3276,0.8952746592010968,false,false,1171.192584,cpu,IDEA-Research/grounding-dino-tiny,cfa56beaeb2d41c44660be80d1cf2400d71e0332e183d9b4bf8a78710c61c599
21,20,P1854_0117.png,/Users/anirudhshashikumar/Desktop/VRSBench/grounding_smoke100/images/P1854_0117.png,storage-tank,The storage tank is situated at the very bottom of the image.,"[0.04, 0.81, 0.38, 1.0]",true,true,,0,-1.3811453580856323,0.20082511007785797,"[0.20975925028324127, 0.9112058281898499, 0.3370692729949951, 0.177557110786438]","[0.22472821176052094, 0.9215040802955627, 0.3465491831302643, 0.19362936913967133]","[0.051453620195388794, 0.8246893882751465, 0.3980028033256531, 1.0]",0.8500736951828003,0.06075374928731492,0.06459999999999999,0.9404605152835128,false,false,1159.549000000002,cpu,IDEA-Research/grounding-dino-tiny,cfa56beaeb2d41c44660be80d1cf2400d71e0332e183d9b4bf8a78710c61c599
22,21,P0882_0007.png,/Users/anirudhshashikumar/Desktop/VRSBench/grounding_smoke100/images/P0882_0007.png,swimming-pool,The swimming pool is the unique small rectangular blue area situated in the top-left corner of the image.,"[0.0, 0.0, 0.25, 0.12]",false,true,,0,-1.3323829174041748,0.20876547694206238,"[0.1264793425798416, 0.0663832500576973, 0.25303494930267334, 0.1334175020456314]","[0.14427132904529572, 0.06496237218379974, 0.2580397129058838, 0.13258567452430725]","[0.01525147259235382, 0.0, 0.2732911705970764, 0.13125520944595337]",0.7890875339508057,0.03386905460698042,0.03,1.1289684868993475,false,false,1183.3868750000001,cpu,IDEA-Research/grounding-dino-tiny,cfa56beaeb2d41c44660be80d1cf2400d71e0332e183d9b4bf8a78710c61c599
23,22,P0466_0007.png,/Users/anirudhshashikumar/Desktop/VRSBench/grounding_smoke100/images/P0466_0007.png,tennis-court,The tennis court located at the top left.,"[0.12, 0.09, 0.33, 0.46]",false,true,,0,-1.4998995065689087,0.18244050443172455,"[0.4459422826766968, 0.29668357968330383, 0.7721221446990967, 0.5933228731155396]","[0.47426003217697144, 0.2956797182559967, 0.7774322032928467, 0.612490177154541]","[0.0855439305305481, 0.0, 0.8629761338233948, 0.6019247770309448]",0.16604135930538177,0.4679557056237229,0.0777,6.022595953973267,true,false,1169.623374999997,cpu,IDEA-Research/grounding-dino-tiny,cfa56beaeb2d41c44660be80d1cf2400d71e0332e183d9b4bf8a78710c61c599
24,23,08669_0000.png,/Users/anirudhshashikumar/Desktop/VRSBench/grounding_smoke100/images/08669_0000.png,trainstation,The train station is located in the bottom right area of the image.,"[0.7, 0.3, 1.0, 1.0]",true,true,,3,-1.600732684135437,0.16787923872470856,"[0.33420827984809875, 0.6216734647750854, 0.09948506206274033, 0.1988753378391266]","[0.33899161219596863, 0.6279076933860779, 0.11201454699039459, 0.2134760618209839]","[0.28298434615135193, 0.5211696624755859, 0.3949988782405853, 0.7346457242965698]",0.0,0.023912421177129772,0.21000000000000002,0.11386867227204653,false,true,1202.6810409999982,cpu,IDEA-Research/grounding-dino-tiny,cfa56beaeb2d41c44660be80d1cf2400d71e0332e183d9b4bf8a78710c61c599
25,24,P8287_0128.png,/Users/anirudhshashikumar/Desktop/VRSBench/grounding_smoke100/images/P8287_0128.png,vehicle,The small vehicle is positioned on the far right side of the street.,"[0.88, 0.27, 1.0, 0.35]",true,true,,441,-1.3688108921051025,0.2028120458126068,"[0.14563074707984924, 0.17641104757785797, 0.1710568070411682, 0.0794035941362381]","[0.14860045909881592, 0.17223383486270905, 0.1741131842136383, 0.07576454430818558]","[0.061543866991996765, 0.13435156643390656, 0.23565705120563507, 0.21011610329151154]",0.0,0.013191604762749165,0.009599999999999996,1.3741254961197054,false,false,1208.0645829999987,cpu,IDEA-Research/grounding-dino-tiny,cfa56beaeb2d41c44660be80d1cf2400d71e0332e183d9b4bf8a78710c61c599
26,25,06983_0000.png,/Users/anirudhshashikumar/Desktop/VRSBench/grounding_smoke100/images/06983_0000.png,windmill,The small windmill is situated in the bottom left area of the image.,"[0.14, 0.72, 0.21, 0.86]",false,true,,1,-1.4991978406906128,0.18254518508911133,"[0.14103420078754425, 0.7021532654762268, 0.09691499173641205, 0.17356278002262115]","[0.14807094633579254, 0.6971683502197266, 0.10235422849655151, 0.18542708456516266]","[0.09689383208751678, 0.6044548153877258, 0.1992480605840683, 0.7898818850517273]",0.16804192960262299,0.01897924465783518,0.009799999999999998,1.9366576181464474,false,false,1151.5939169999997,cpu,IDEA-Research/grounding-dino-tiny,cfa56beaeb2d41c44660be80d1cf2400d71e0332e183d9b4bf8a78710c61c599
27,26,11224_0000.png,/Users/anirudhshashikumar/Desktop/VRSBench/grounding_smoke100/images/11224_0000.png,airplane,The airplane is positioned diagonally across the tarmac and is the only one visible in the image.,"[0.63, 0.07, 1.0, 0.55]",true,true,,0,-1.5901174545288086,0.16936737298965454,"[0.7988871932029724, 0.3070657551288605, 0.40215474367141724, 0.5068734288215637]","[0.8158204555511475, 0.31587252020835876, 0.40384137630462646, 0.5170499086380005]","[0.6138997673988342, 0.05734756588935852, 1.0, 0.5743974447250366]",0.8896321654319763,0.1996330784848599,0.1776,1.1240601266039407,false,false,1192.2938750000044,cpu,IDEA-Research/grounding-dino-tiny,cfa56beaeb2d41c44660be80d1cf2400d71e0332e183d9b4bf8a78710c61c599
28,27,08240_0000.png,/Users/anirudhshashikumar/Desktop/VRSBench/grounding_smoke100/images/08240_0000.png,airport,"The small airport located in the lower right area of the image, bordering the right edge.","[0.61, 0.6, 1.0, 1.0]",true,true,,0,-1.6607182025909424,0.15966559946537018,"[0.5000315308570862, 0.4999246597290039, 1.0, 0.9999998807907104]","[0.537662148475647, 0.5089755654335022, 1.0, 1.0]","[0.03766214847564697, 0.008975565433502197, 1.0, 1.0]",0.16357338428497314,0.9537003251688603,0.15600000000000003,6.113463622877308,true,false,1156.614750000003,cpu,IDEA-Research/grounding-dino-tiny,cfa56beaeb2d41c44660be80d1cf2400d71e0332e183d9b4bf8a78710c61c599
29,28,07788_0000.png,/Users/anirudhshashikumar/Desktop/VRSBench/grounding_smoke100/images/07788_0000.png,baseball-diamond,The baseball field is located in the lower half of the image and can be distinguished by its diamond-shaped dirt infield.,"[0.01, 0.54, 0.34, 0.88]",false,true,,2,-1.3658409118652344,0.2032926380634308,"[0.17581622302532196, 0.7096530199050903, 0.34536558389663696, 0.3482349216938019]","[0.19474422931671143, 0.7199799418449402, 0.3536512851715088, 0.3605470359325409]","[0.01791858673095703, 0.5397064089775085, 0.3715698719024658, 0.9002534747123718]",0.8410710096359253,0.12750793316195086,0.1122,1.1364343419068705,false,false,1243.048709,cpu,IDEA-Research/grounding-dino-tiny,cfa56beaeb2d41c44660be80d1cf2400d71e0332e183d9b4bf8a78710c61c599
30,29,07748_0000.png,/Users/anirudhshashikumar/Desktop/VRSBench/grounding_smoke100/images/07748_0000.png,basketball-court,The red-lined basketball court positioned adjacent to the parking lot.,"[0.3, 0.42, 0.98, 1.0]",true,true,,6,-1.3816014528274536,0.2007519155740738,"[0.6249385476112366, 0.6805021166801453, 0.7501871585845947, 0.6386446952819824]","[0.6315512657165527, 0.6725082397460938, 0.749163031578064, 0.6430123448371887]","[0.25696974992752075, 0.3510020673274994, 1.0, 0.9940143823623657]",0.810068666934967,0.47777760124004054,0.39440000000000003,1.2114036542597375,false,false,1231.3622080000002,cpu,IDEA-Research/grounding-dino-tiny,cfa56beaeb2d41c44660be80d1cf2400d71e0332e183d9b4bf8a78710c61c599
31,30,07135_0000.png,/Users/anirudhshashikumar/Desktop/VRSBench/grounding_smoke100/images/07135_0000.png,bridge,The bridge that stretches across the lower part of the image.,"[0.44, 0.67, 1.0, 1.0]",true,true,,0,-1.4735968112945557,0.186396524310112,"[0.5000057220458984, 0.7708491683006287, 0.999958872795105, 0.45656174421310425]","[0.5216896533966064, 0.7805498838424683, 1.0, 0.493509978055954]","[0.021689653396606445, 0.5337948799133301, 1.0, 1.0]",0.4051802158355713,0.45609329262026677,0.1848,2.468037297728716,true,false,1241.149958000001,cpu,IDEA-Research/grounding-dino-tiny,cfa56beaeb2d41c44660be80d1cf2400d71e0332e183d9b4bf8a78710c61c599
32,31,06657_0000.png,/Users/anirudhshashikumar/Desktop/VRSBench/grounding_smoke100/images/06657_0000.png,chimney,"The chimney in the image has an elongated shape, standing out among the surrounding structures.","[0.62, 0.62, 1.0, 1.0]",true,true,,1,-1.4879920482635498,0.18422329425811768,"[0.8271864652633667, 0.8270886540412903, 0.34566378593444824, 0.34587615728378296]","[0.8328062891960144, 0.8366957306861877, 0.3577730655670166, 0.3492026925086975]","[0.6539197564125061, 0.6620943546295166, 1.0, 1.0]",0.8098508715629578,0.11694246805940622,0.1444,0.8098508868379932,false,false,1194.4161669999999,cpu,IDEA-Research/grounding-dino-tiny,cfa56beaeb2d41c44660be80d1cf2400d71e0332e183d9b4bf8a78710c61c599
33,32,P2733_0033.png,/Users/anirudhshashikumar/Desktop/VRSBench/grounding_smoke100/images/P2733_0033.png,container-crane,The container crane located at the top-right position on the dock.,"[0.57, 0.54, 0.77, 0.59]",false,true,,11,-1.505178451538086,0.1816544383764267,"[0.5640735030174255, 0.5851762294769287, 0.5983880758285522, 0.8298519849777222]","[0.563688337802887, 0.5742495656013489, 0.6096511483192444, 0.8327763080596924]","[0.25886276364326477, 0.15786141157150269, 0.8685139417648315, 0.9906377196311951]",0.01969653181731701,0.5077030573203203,0.00999999999999999,50.77030573203208,true,false,1187.5108330000046,cpu,IDEA-Research/grounding-dino-tiny,cfa56beaeb2d41c44660be80d1cf2400d71e0332e183d9b4bf8a78710c61c599
34,33,08912_0000.png,/Users/anirudhshashikumar/Desktop/VRSBench/grounding_smoke100/images/08912_0000.png,dam,"The dam, stretches from the mid-left to the bottom-right part of the image.","[0.62, 0.57, 0.93, 1.0]",true,true,,1,-1.6938910484313965,0.15526480972766876,"[0.8037251234054565, 0.7558248043060303, 0.3926442861557007, 0.487811416387558]","[0.823279082775116, 0.7713449001312256, 0.39736413955688477, 0.5034992098808289]","[0.6245970129966736, 0.5195952653884888, 1.0, 1.0]",0.7202819585800171,0.18034537234370163,0.13330000000000003,1.352928524708939,false,false,1208.8719169999963,cpu,IDEA-Research/grounding-dino-tiny,cfa56beaeb2d41c44660be80d1cf2400d71e0332e183d9b4bf8a78710c61c599
35,34,07399_0000.png,/Users/anirudhshashikumar/Desktop/VRSBench/grounding_smoke100/images/07399_0000.png,expressway-service-area,The service area positioned a bit further from the main road.,"[0.16, 0.16, 0.33, 0.48]",false,true,,0,-1.5608181953430176,0.17352928221225739,"[0.18573245406150818, 0.3251156806945801, 0.2987549304962158, 0.33284100890159607]","[0.20323355495929718, 0.33306145668029785, 0.30495816469192505, 0.3380994498729706]","[0.050754472613334656, 0.16401173174381256, 0.3557126522064209, 0.5021111965179443]",0.5175734162330627,0.10310619729891601,0.0544,1.8953345091712503,false,false,1210.4039580000006,cpu,IDEA-Research/grounding-dino-tiny,cfa56beaeb2d41c44660be80d1cf2400d71e0332e183d9b4bf8a78710c61c599
36,35,06439_0000.png,/Users/anirudhshashikumar/Desktop/VRSBench/grounding_smoke100/images/06439_0000.png,expressway-toll-station,The small toll station is located near the right edge of the image.,"[0.8, 0.57, 0.95, 0.71]",false,true,,23,-1.3010611534118652,0.21398647129535675,"[0.875281810760498, 0.6366338133811951, 0.16389672458171844, 0.15739382803440094]","[0.8727821111679077, 0.6380849480628967, 0.15924003720283508, 0.15376412868499756]","[0.7931621074676514, 0.561202883720398, 0.9524021148681641, 0.7149670124053955]",0.8576536178588867,0.024485400989732398,0.02099999999999999,1.1659714757015434,false,false,1157.905791999994,cpu,IDEA-Research/grounding-dino-tiny,cfa56beaeb2d41c44660be80d1cf2400d71e0332e183d9b4bf8a78710c61c599
37,36,10663_0000.png,/Users/anirudhshashikumar/Desktop/VRSBench/grounding_smoke100/images/10663_0000.png,golffield,The golf field located at the bottom right of the image.,"[0.54, 0.4, 1.0, 1.0]",true,true,,0,-1.496232509613037,0.18298810720443726,"[0.775556743144989, 0.7010918855667114, 0.44815757870674133, 0.5970673561096191]","[0.8021515607833862, 0.7102334499359131, 0.46073755621910095, 0.6220318675041199]","[0.5717827677726746, 0.39921751618385315, 1.0, 1.0]",0.9297783374786377,0.25726541239040834,0.27599999999999997,0.9321210593855376,false,false,1181.1612499999953,cpu,IDEA-Research/grounding-dino-tiny,cfa56beaeb2d41c44660be80d1cf2400d71e0332e183d9b4bf8a78710c61c599
38,37,P3107_0000.png,/Users/anirudhshashikumar/Desktop/VRSBench/grounding_smoke100/images/P3107_0000.png,ground-track-field,The ground track field can be identified by its distinct rectangular shape with slightly curved ends located in the middle-right area of the image.,"[0.96, 0.36, 1.0, 0.45]",true,true,,0,-1.5175554752349854,0.17982177436351776,"[0.5000027418136597, 0.5000226497650146, 1.0, 1.0]","[0.5400313138961792, 0.5127480030059814, 1.0, 1.0]","[0.0400313138961792, 0.012748003005981445, 1.0, 1.0]",0.0037985469680279493,0.9477310024077212,0.0036000000000000042,263.25861177992226,true,false,1226.7369170000038,cpu,IDEA-Research/grounding-dino-tiny,cfa56beaeb2d41c44660be80d1cf2400d71e0332e183d9b4bf8a78710c61c599
39,38,P0932_0001.png,/Users/anirudhshashikumar/Desktop/VRSBench/grounding_smoke100/images/P0932_0001.png,harbor,The harbor located in the right part of the image.,"[0.6, 0.5, 0.71, 0.99]",false,true,,1,-1.465877652168274,0.1875699907541275,"[0.36464864015579224, 0.11510781198740005, 0.18288449943065643, 0.2307446151971817]","[0.38362395763397217, 0.12511131167411804, 0.2005351036787033, 0.23831205070018768]","[0.2833563983440399, 0.0059552863240242004, 0.4838915169239044, 0.24426734447479248]",0.0,0.04778993684027588,0.05389999999999999,0.886640757704562,false,false,1149.163333000004,cpu,IDEA-Research/grounding-dino-tiny,cfa56beaeb2d41c44660be80d1cf2400d71e0332e183d9b4bf8a78710c61c599
40,39,P1149_0021.png,/Users/anirudhshashikumar/Desktop/VRSBench/grounding_smoke100/images/P1149_0021.png,helicopter,The helicopter closer to the top edge of the image is positioned on the tarmac.,"[0.33, 0.21, 0.72, 0.59]",false,true,,0,-1.4611611366271973,0.1882897913455963,"[0.5188583731651306, 0.40225157141685486, 0.2721656262874603, 0.30688589811325073]","[0.527683436870575, 0.4132240414619446, 0.26352569460868835, 0.30963146686553955]","[0.3959205746650696, 0.2584083080291748, 0.6594462990760803, 0.5680397748947144]",0.550579309463501,0.08159585660618518,0.1482,0.5505793293264857,false,false,1195.4432910000037,cpu,IDEA-Research/grounding-dino-tiny,cfa56beaeb2d41c44660be80d1cf2400d71e0332e183d9b4bf8a78710c61c599
41,40,10562_0000.png,/Users/anirudhshashikumar/Desktop/VRSBench/grounding_smoke100/images/10562_0000.png,overpass,The overpass located in the image extends from the left edge to the right.,"[0.43, 0.46, 1.0, 1.0]",true,true,,1,-1.5638586282730103,0.17309366166591644,"[0.49451544880867004, 0.4994807243347168, 0.7042087316513062, 0.9999595880508423]","[0.5056938529014587, 0.49573448300361633, 0.7132439017295837, 0.9941424131393433]","[0.14907190203666687, 0.0, 0.8623157739639282, 0.9928057193756104]",0.2932133972644806,0.7081125953589904,0.3078000000000001,2.300560738658188,true,false,1206.9360840000058,cpu,IDEA-Research/grounding-dino-tiny,cfa56beaeb2d41c44660be80d1cf2400d71e0332e183d9b4bf8a78710c61c599
42,41,P1752_0029.png,/Users/anirudhshashikumar/Desktop/VRSBench/grounding_smoke100/images/P1752_0029.png,roundabout,The roundabout is situated in the top-right corner of the image.,"[0.86, 0.0, 0.91, 0.03]",false,true,,0,-1.7100741863250732,0.15315409004688263,"[0.5001084208488464, 0.4998737871646881, 1.0, 0.9992881417274475]","[0.5360664129257202, 0.4930320680141449, 1.0, 1.0]","[0.036066412925720215, 0.0, 1.0, 0.9930320978164673]",0.0015670432476326823,0.9572169921281244,0.0015000000000000013,638.144661418749,true,false,1184.4403329999977,cpu,IDEA-Research/grounding-dino-tiny,cfa56beaeb2d41c44660be80d1cf2400d71e0332e183d9b4bf8a78710c61c599
43,42,P5337_0029.png,/Users/anirudhshashikumar/Desktop/VRSBench/grounding_smoke100/images/P5337_0029.png,ship,The smallest ship in the image is positioned towards the top-left corner with a predominantly red and white color scheme.,"[0.05, 0.07, 0.13, 0.15]",false,true,,57,-1.3576912879943848,0.2046157866716385,"[0.31637898087501526, 0.8076637983322144, 0.10776197165250778, 0.09198905527591705]","[0.3281109929084778, 0.8113955855369568, 0.10357809066772461, 0.09637309610843658]","[0.2763219475746155, 0.7632090449333191, 0.3799000382423401, 0.8595821261405945]",0.0,0.009982139743215157,0.0063999999999999994,1.5597093348773685,false,false,1170.6600830000014,cpu,IDEA-Research/grounding-dino-tiny,cfa56beaeb2d41c44660be80d1cf2400d71e0332e183d9b4bf8a78710c61c599
44,43,P2714_0003.png,/Users/anirudhshashikumar/Desktop/VRSBench/grounding_smoke100/images/P2714_0003.png,soccer-ball-field,The soccer-ball field is located towards the right edge of the image.,"[0.99, 0.38, 1.0, 0.41]",false,true,,0,-1.4608486890792847,0.1883375495672226,"[0.5002787113189697, 0.4997982680797577, 0.9991170763969421, 0.9999998807907104]","[0.5304986834526062, 0.5056986212730408, 1.0, 1.0]","[0.0304986834526062, 0.0056986212730407715, 1.0, 1.0]",0.000311210606014356,0.9639764957206758,0.0003,3213.254985735586,true,false,1181.553958000002,cpu,IDEA-Research/grounding-dino-tiny,cfa56beaeb2d41c44660be80d1cf2400d71e0332e183d9b4bf8a78710c61c599
45,44,08561_0000.png,/Users/anirudhshashikumar/Desktop/VRSBench/grounding_smoke100/images/08561_0000.png,stadium,The stadium in the image is recognizable by its rectangular shape with a large playing field surrounded by tiered seating areas.,"[0.24, 0.3, 0.72, 0.67]",false,true,,11,-1.042421817779541,0.26068297028541565,"[0.48013073205947876, 0.4851737320423126, 0.4960393011569977, 0.38701745867729187]","[0.48921123147010803, 0.47704967856407166, 0.4706464111804962, 0.38506755232810974]","[0.25388801097869873, 0.284515917301178, 0.7245344519615173, 0.6695834398269653]",0.9233711361885071,0.18123065901483315,0.1776,1.0204428998582946,false,false,1161.7040410000002,cpu,IDEA-Research/grounding-dino-tiny,cfa56beaeb2d41c44660be80d1cf2400d71e0332e183d9b4bf8a78710c61c599
46,45,P2701_0041.png,/Users/anirudhshashikumar/Desktop/VRSBench/grounding_smoke100/images/P2701_0041.png,storage-tank,The storage tank situated at the left edge of the image.,"[0.14, 0.29, 0.21, 0.36]",false,true,,18,-1.6313352584838867,0.16364751756191254,"[0.4057692587375641, 0.6799269318580627, 0.053828366100788116, 0.08564846217632294]","[0.40378886461257935, 0.6793834567070007, 0.05485324561595917, 0.07657026499509811]","[0.37636223435401917, 0.6410983204841614, 0.4312154948711395, 0.7176685929298401]",0.0,0.004200129102329697,0.004899999999999999,0.8571692045570812,false,false,1163.0654579999984,cpu,IDEA-Research/grounding-dino-tiny,cfa56beaeb2d41c44660be80d1cf2400d71e0332e183d9b4bf8a78710c61c599
47,46,P1384_0023.png,/Users/anirudhshashikumar/Desktop/VRSBench/grounding_smoke100/images/P1384_0023.png,swimming-pool,A swimming pool is noticeable towards the middle-left side of the image.,"[0.14, 0.35, 0.2, 0.39]",false,true,,0,-1.1604979038238525,0.23857684433460236,"[0.1228146031498909, 0.8092662692070007, 0.2458639293909073, 0.15341974794864655]","[0.13472342491149902, 0.8187655210494995, 0.24567066133022308, 0.17298151552677155]","[0.011888094246387482, 0.7322747707366943, 0.25755876302719116, 0.9052562713623047]",0.0,0.042496480945400705,0.002400000000000002,17.706867060583612,true,false,1177.1442920000013,cpu,IDEA-Research/grounding-dino-tiny,cfa56beaeb2d41c44660be80d1cf2400d71e0332e183d9b4bf8a78710c61c599
48,47,P2592_0002.png,/Users/anirudhshashikumar/Desktop/VRSBench/grounding_smoke100/images/P2592_0002.png,tennis-court,The tennis court located on the left-most side at the bottom of the image is surrounded by greenery on three sides.,"[0.32, 0.71, 0.48, 0.94]",false,true,,0,-1.6467293500900269,0.16155147552490234,"[0.6831176280975342, 0.8373436331748962, 0.6337825059890747, 0.32487916946411133]","[0.7092534899711609, 0.8243771195411682, 0.648676335811615, 0.3371914327144623]","[0.3849153220653534, 0.6557813882827759, 1.0, 0.9929728507995605]",0.09836412966251373,0.20740130212444896,0.03679999999999999,5.63590494903394,true,false,1187.6970419999964,cpu,IDEA-Research/grounding-dino-tiny,cfa56beaeb2d41c44660be80d1cf2400d71e0332e183d9b4bf8a78710c61c599
49,48,10626_0000.png,/Users/anirudhshashikumar/Desktop/VRSBench/grounding_smoke100/images/10626_0000.png,trainstation,The train station is located towards the bottom-right of the image.,"[0.63, 0.61, 0.77, 1.0]",true,true,,1,-1.6387449502944946,0.1626359075307846,"[0.3160008490085602, 0.5001006722450256, 0.6312034726142883, 0.9999545812606812]","[0.35392069816589355, 0.49441370368003845, 0.6569845676422119, 1.0]","[0.025428414344787598, 0.0, 0.6824129819869995, 0.9944137334823608]",0.029295234009623528,0.6533144767493866,0.05460000000000001,11.96546660713162,true,false,1149.4330000000018,cpu,IDEA-Research/grounding-dino-tiny,cfa56beaeb2d41c44660be80d1cf2400d71e0332e183d9b4bf8a78710c61c599
50,49,P1029_0003.png,/Users/anirudhshashikumar/Desktop/VRSBench/grounding_smoke100/images/P1029_0003.png,vehicle,The only small-vehicle centrally located to the right side.,"[0.7, 0.57, 0.73, 0.63]",false,true,,82,-1.4993149042129517,0.18252773582935333,"[0.38230443000793457, 0.7432237863540649, 0.12922586500644684, 0.15511247515678406]","[0.3840423822402954, 0.737205982208252, 0.13709557056427002, 0.13992750644683838]","[0.3154945969581604, 0.6672422289848328, 0.4525901675224304, 0.8071697354316711]",0.0,0.01918344133396488,0.0018000000000000032,10.657467407758247,true,false,1180.289166999998,cpu,IDEA-Research/grounding-dino-tiny,cfa56beaeb2d41c44660be80d1cf2400d71e0332e183d9b4bf8a78710c61c599
51,50,10024_0000.png,/Users/anirudhshashikumar/Desktop/VRSBench/grounding_smoke100/images/10024_0000.png,windmill,The windmill in the bottom-middle of the image is set against a background of predominantly curvilinear field patterns.,"[0.49, 0.71, 0.59, 0.74]",false,true,,15,-1.3209872245788574,0.21065407991409302,"[0.7192676067352295, 0.2457781285047531, 0.15277451276779175, 0.14428801834583282]","[0.7234691381454468, 0.24625755846500397, 0.1473558396100998, 0.14799706637859344]","[0.6497912406921387, 0.17225903272628784, 0.7971470355987549, 0.3202560842037201]",0.0,0.02180822316429243,0.003000000000000002,7.269407721430805,true,false,1181.9589589999991,cpu,IDEA-Research/grounding-dino-tiny,cfa56beaeb2d41c44660be80d1cf2400d71e0332e183d9b4bf8a78710c61c599
52,51,P1672_0041.png,/Users/anirudhshashikumar/Desktop/VRSBench/grounding_smoke100/images/P1672_0041.png,airplane,The plane located towards the left-most side of the grouping on the tarmac.,"[0.61, 0.54, 0.66, 0.6]",false,true,,220,-1.456686019897461,0.18897470831871033,"[0.7277539372444153, 0.4144054055213928, 0.032965488731861115, 0.034265052527189255]","[0.7327699065208435, 0.4040953516960144, 0.03540719673037529, 0.04850848764181137]","[0.7150663137435913, 0.3798411190509796, 0.7504734992980957, 0.4283495843410492]",0.0,0.0017175482314897295,0.0029999999999999996,0.5725160771632433,false,false,1169.2729159999972,cpu,IDEA-Research/grounding-dino-tiny,cfa56beaeb2d41c44660be80d1cf2400d71e0332e183d9b4bf8a78710c61c599
53,52,08327_0000.png,/Users/anirudhshashikumar/Desktop/VRSBench/grounding_smoke100/images/08327_0000.png,airport,The airport in the image is distinguished by a prominent runway.,"[0.08, 0.09, 0.77, 0.67]",false,true,,29,-1.5500373840332031,0.17508086562156677,"[0.4999427795410156, 0.5001330375671387, 0.9999969005584717, 0.9999983310699463]","[0.5094181299209595, 0.4847467839717865, 0.9896173477172852, 1.0]","[0.014609456062316895, 0.0, 1.0, 0.9847468137741089]",0.4124241769313812,0.9703601984657695,0.40020000000000006,2.4246881520883794,true,false,1162.2880000000036,cpu,IDEA-Research/grounding-dino-tiny,cfa56beaeb2d41c44660be80d1cf2400d71e0332e183d9b4bf8a78710c61c599
54,53,10079_0000.png,/Users/anirudhshashikumar/Desktop/VRSBench/grounding_smoke100/images/10079_0000.png,baseball-diamond,The baseball field located towards the top-middle of the image.,"[0.49, 0.09, 0.53, 0.13]",false,true,,0,-1.467654824256897,0.18729932606220245,"[0.5000127553939819, 0.5000786185264587, 1.0, 0.9999998807907104]","[0.5364904403686523, 0.5050039887428284, 1.0, 1.0]","[0.036490440368652344, 0.005003988742828369, 1.0, 1.0]",0.0016689453041180968,0.9586881686413449,0.0016000000000000018,599.1801054008399,true,false,1169.773499999991,cpu,IDEA-Research/grounding-dino-tiny,cfa56beaeb2d41c44660be80d1cf2400d71e0332e183d9b4bf8a78710c61c599
55,54,08727_0000.png,/Users/anirudhshashikumar/Desktop/VRSBench/grounding_smoke100/images/08727_0000.png,basketball-court,The basketball court is located on the right side of the image.,"[0.85, 0.52, 1.0, 0.98]",true,true,,0,-1.4058067798614502,0.1968962848186493,"[0.9061446785926819, 0.7404544353485107, 0.18760640919208527, 0.5173199772834778]","[0.9213377833366394, 0.7543947100639343, 0.19616936147212982, 0.5444942712783813]","[0.8232530951499939, 0.48214757442474365, 1.0, 1.0]",0.7538609504699707,0.0915288133894947,0.069,1.3265045418767347,false,false,1182.9882920000045,cpu,IDEA-Research/grounding-dino-tiny,cfa56beaeb2d41c44660be80d1cf2400d71e0332e183d9b4bf8a78710c61c599
56,55,P5789_2822.png,/Users/anirudhshashikumar/Desktop/VRSBench/grounding_smoke100/images/P5789_2822.png,bridge,The unique bridge located on the far left of the image.,"[0.0, 0.23, 0.06, 0.39]",false,true,,1,-1.6130911111831665,0.16615989804267883,"[0.5445737242698669, 0.6276381611824036, 0.9100322127342224, 0.47347742319107056]","[0.563273549079895, 0.6345072984695435, 0.9145002961158752, 0.5018749833106995]","[0.1060234010219574, 0.3835698068141937, 1.0, 0.8854447603225708]",0.0,0.4486644640496822,0.0096,46.7358816718419,true,false,1174.4773750000093,cpu,IDEA-Research/grounding-dino-tiny,cfa56beaeb2d41c44660be80d1cf2400d71e0332e183d9b4bf8a78710c61c599
57,56,08039_0000.png,/Users/anirudhshashikumar/Desktop/VRSBench/grounding_smoke100/images/08039_0000.png,chimney,The larger chimney is located towards the bottom of the image.,"[0.28, 0.65, 0.66, 1.0]",true,true,,0,-1.4578075408935547,0.18880288302898407,"[0.48315751552581787, 0.8248588442802429, 0.35680094361305237, 0.3503634035587311]","[0.499824196100235, 0.8369495868682861, 0.3650568425655365, 0.3674018085002899]","[0.31729578971862793, 0.65324866771698, 0.682352602481842, 1.0]",0.844280481338501,0.12658393618463748,0.13299999999999998,0.951758918681485,false,false,1171.7556669999994,cpu,IDEA-Research/grounding-dino-tiny,cfa56beaeb2d41c44660be80d1cf2400d71e0332e183d9b4bf8a78710c61c599
58,57,P2733_0021.png,/Users/anirudhshashikumar/Desktop/VRSBench/grounding_smoke100/images/P2733_0021.png,container-crane,The container crane located at the middle-bottom area of the image.,"[0.22, 0.64, 0.52, 0.71]",false,true,,1,-1.593449592590332,0.16889911890029907,"[0.3769451379776001, 0.6637848615646362, 0.29029232263565063, 0.09351455420255661]","[0.3923882842063904, 0.6616916060447693, 0.30149099230766296, 0.1072571650147438]","[0.2416427880525589, 0.6080630421638489, 0.5431337952613831, 0.7153201699256897]",0.5755928754806519,0.032337059479242924,0.020999999999999987,1.539859975202045,false,false,1158.6837090000017,cpu,IDEA-Research/grounding-dino-tiny,cfa56beaeb2d41c44660be80d1cf2400d71e0332e183d9b4bf8a78710c61c599
59,58,11069_0000.png,/Users/anirudhshashikumar/Desktop/VRSBench/grounding_smoke100/images/11069_0000.png,dam,The dam is located towards the top middle section of the image and is characterized by its straight-edged structure.,"[0.39, 0.11, 0.43, 0.19]",false,true,,16,-1.6083842515945435,0.16681306064128876,"[0.13073080778121948, 0.45397794246673584, 0.2211020439863205, 0.34169721603393555]","[0.1268683522939682, 0.4561883509159088, 0.2146325409412384, 0.32878199219703674]","[0.019552081823349, 0.29179733991622925, 0.2341846227645874, 0.6205793619155884]",0.0,0.0705673207975206,0.0031999999999999984,22.052287749225197,true,false,1310.1855830000063,cpu,IDEA-Research/grounding-dino-tiny,cfa56beaeb2d41c44660be80d1cf2400d71e0332e183d9b4bf8a78710c61c599
60,59,06058_0000.png,/Users/anirudhshashikumar/Desktop/VRSBench/grounding_smoke100/images/06058_0000.png,expressway-service-area,"The expressway service area occupies a significant portion of the image, extending from the central region to the bottom.","[0.15, 0.34, 0.67, 1.0]",true,true,,1,-1.513049602508545,0.18048729002475739,"[0.39360690116882324, 0.6642990112304688, 0.5664702653884888, 0.6717747449874878]","[0.4204232692718506, 0.6759998202323914, 0.5728232264518738, 0.6843981146812439]","[0.1340116560459137, 0.3338007628917694, 0.7068349123001099, 1.0]",0.8993369340896606,0.38161441631439796,0.34319999999999995,1.1119301174661946,false,false,1229.6132499999999,cpu,IDEA-Research/grounding-dino-tiny,cfa56beaeb2d41c44660be80d1cf2400d71e0332e183d9b4bf8a78710c61c599
61,60,09404_0000.png,/Users/anirudhshashikumar/Desktop/VRSBench/grounding_smoke100/images/09404_0000.png,expressway-toll-station,The expressway toll station located in the top-left quadrant.,"[0.25, 0.12, 0.3, 0.21]",false,true,,28,-1.5274146795272827,0.17837226390838623,"[0.499914288520813, 0.4998808205127716, 0.9999966621398926, 0.9999924898147583]","[0.5104272365570068, 0.4879162013530731, 0.9958137273788452, 0.9978150129318237]","[0.012520372867584229, 0.0, 1.0, 0.9868236780166626]",0.004617903847247362,0.9744682776133331,0.004499999999999999,216.5485061362963,true,false,1174.4391670000027,cpu,IDEA-Research/grounding-dino-tiny,cfa56beaeb2d41c44660be80d1cf2400d71e0332e183d9b4bf8a78710c61c599
62,61,06296_0000.png,/Users/anirudhshashikumar/Desktop/VRSBench/grounding_smoke100/images/06296_0000.png,golffield,The golf course is distinguishable by its large green expanse intermingled with sand traps and is located toward the center of the image.,"[0.2, 0.5, 0.59, 0.76]",false,true,,3,-1.3852378129959106,0.20016910135746002,"[0.5642910003662109, 0.35080936551094055, 0.08759784698486328, 0.08508924394845963]","[0.5662000775337219, 0.34487590193748474, 0.09460843354463577, 0.07468773424625397]","[0.5188958644866943, 0.30753204226493835, 0.6135042905807495, 0.38221976161003113]",0.0,0.007066087575793745,0.10139999999999999,0.06968528181256159,false,true,1219.3221659999977,cpu,IDEA-Research/grounding-dino-tiny,cfa56beaeb2d41c44660be80d1cf2400d71e0332e183d9b4bf8a78710c61c599
63,62,05893_0000.png,/Users/anirudhshashikumar/Desktop/VRSBench/grounding_smoke100/images/05893_0000.png,ground-track-field,The small ground track field is found towards the middle-left part of the image.,"[0.12, 0.34, 0.17, 0.42]",false,true,,0,-1.7435449361801147,0.14886322617530823,"[0.5000502467155457, 0.49992161989212036, 1.0, 0.9999998807907104]","[0.5394917726516724, 0.5048843622207642, 1.0, 1.0]","[0.03949177265167236, 0.00488436222076416, 1.0, 1.0]",0.0041849021799862385,0.9558167572499343,0.003999999999999999,238.95418931248363,true,false,1234.6953329999906,cpu,IDEA-Research/grounding-dino-tiny,cfa56beaeb2d41c44660be80d1cf2400d71e0332e183d9b4bf8a78710c61c599
64,63,10155_0000.png,/Users/anirudhshashikumar/Desktop/VRSBench/grounding_smoke100/images/10155_0000.png,harbor,The harbor positioned at the left area of the image extends into the water with ships moored along its length.,"[0.07, 0.22, 0.43, 0.63]",false,true,,73,-1.1451425552368164,0.24137745797634125,"[0.39539119601249695, 0.5366688370704651, 0.08162124454975128, 0.18899600207805634]","[0.41174617409706116, 0.5362002849578857, 0.07339748740196228, 0.18071302771568298]","[0.3750474452972412, 0.44584375619888306, 0.4484449028968811, 0.6265568137168884]",0.0657949447631836,0.013263878976879084,0.1476,0.08986367870514285,false,true,1223.838624999999,cpu,IDEA-Research/grounding-dino-tiny,cfa56beaeb2d41c44660be80d1cf2400d71e0332e183d9b4bf8a78710c61c599
65,64,P1508_0019.png,/Users/anirudhshashikumar/Desktop/VRSBench/grounding_smoke100/images/P1508_0019.png,helicopter,The helicopter parked on the helipad closer to the left edge of the image.,"[0.06, 0.7, 0.25, 0.93]",false,true,,0,-1.550950288772583,0.1749490648508072,"[0.5317694544792175, 0.7779459357261658, 0.2209736555814743, 0.27992475032806396]","[0.5557324886322021, 0.7938359379768372, 0.22453245520591736, 0.2893427610397339]","[0.4434662461280823, 0.6491645574569702, 0.667998731136322, 0.9385073184967041]",0.0,0.06496684915539674,0.04370000000000002,1.4866555870800164,false,false,1248.592790999993,cpu,IDEA-Research/grounding-dino-tiny,cfa56beaeb2d41c44660be80d1cf2400d71e0332e183d9b4bf8a78710c61c599
66,65,07426_0000.png,/Users/anirudhshashikumar/Desktop/VRSBench/grounding_smoke100/images/07426_0000.png,overpass,The overpass stretching horizontally across the image.,"[0.16, 0.62, 0.72, 0.98]",false,true,,7,-1.6212890148162842,0.1650271713733673,"[0.42287489771842957, 0.6142989993095398, 0.7022655010223389, 0.201820507645607]","[0.4288589060306549, 0.6167175769805908, 0.7066208124160767, 0.21572738885879517]","[0.07554849982261658, 0.5088539123535156, 0.7821693420410156, 0.724581241607666]",0.1982100009918213,0.15243742708709362,0.20159999999999997,0.7561380311859803,false,false,1176.2458340000137,cpu,IDEA-Research/grounding-dino-tiny,cfa56beaeb2d41c44660be80d1cf2400d71e0332e183d9b4bf8a78710c61c599
67,66,P7464_0001.png,/Users/anirudhshashikumar/Desktop/VRSBench/grounding_smoke100/images/P7464_0001.png,roundabout,The roundabout is located at the central junction where multiple roads converge.,"[0.46, 0.39, 0.49, 0.41]",false,true,,27,-1.4617674350738525,0.18819715082645416,"[0.5004470348358154, 0.4997275173664093, 0.9983370304107666, 0.9999686479568481]","[0.5190211534500122, 0.4874076247215271, 0.9695364832878113, 1.0]","[0.03425291180610657, 0.0, 1.0, 0.9874076247215271]",0.0006292041507549584,0.9535860384352635,0.0005999999999999983,1589.3100640587768,true,false,1166.526458000007,cpu,IDEA-Research/grounding-dino-tiny,cfa56beaeb2d41c44660be80d1cf2400d71e0332e183d9b4bf8a78710c61c599
68,67,P5171_0003.png,/Users/anirudhshashikumar/Desktop/VRSBench/grounding_smoke100/images/P5171_0003.png,ship,The ship closer to the bottom-middle is situated at the bottom position of the two ships.,"[0.46, 0.81, 0.48, 0.84]",false,true,,58,-1.3243155479431152,0.2101012021303177,"[0.8802472949028015, 0.7050905227661133, 0.042819827795028687, 0.0221831314265728]","[0.8891720175743103, 0.693876326084137, 0.047306910157203674, 0.023354098200798035]","[0.8655185699462891, 0.6821992993354797, 0.9128254652023315, 0.7055533528327942]",0.0,0.0011048077626014674,0.0005999999999999971,1.8413462710024544,false,false,1195.6497919999974,cpu,IDEA-Research/grounding-dino-tiny,cfa56beaeb2d41c44660be80d1cf2400d71e0332e183d9b4bf8a78710c61c599
69,68,P2365_0021.png,/Users/anirudhshashikumar/Desktop/VRSBench/grounding_smoke100/images/P2365_0021.png,soccer-ball-field,The soccer ball field in the upper left area of the image.,"[0.1, 0.0, 0.2, 0.05]",false,true,,0,-1.7533552646636963,0.14762449264526367,"[0.500029981136322, 0.5001298189163208, 1.0, 1.0]","[0.540133535861969, 0.5039675831794739, 1.0, 1.0]","[0.040133535861968994, 0.003967583179473877, 1.0, 1.0]",0.0048128170892596245,0.9560581141003759,0.005000000000000001,191.21162282007515,true,false,1221.5064580000076,cpu,IDEA-Research/grounding-dino-tiny,cfa56beaeb2d41c44660be80d1cf2400d71e0332e183d9b4bf8a78710c61c599
70,69,10885_0000.png,/Users/anirudhshashikumar/Desktop/VRSBench/grounding_smoke100/images/10885_0000.png,stadium,The stadium in the image is characterized by its yellow seats and a green playing field.,"[0.5, 0.53, 1.0, 1.0]",true,true,,3,-1.2048029899597168,0.23062190413475037,"[0.7708947062492371, 0.8317928314208984, 0.24892283976078033, 0.3334851562976837]","[0.7593843340873718, 0.8333877921104431, 0.2428078055381775, 0.33512675762176514]","[0.6379804611206055, 0.6658244132995605, 0.8807882070541382, 1.0]",0.34527838230133057,0.08114042095274954,0.235,0.34527838703297675,false,true,1257.3707499999928,cpu,IDEA-Research/grounding-dino-tiny,cfa56beaeb2d41c44660be80d1cf2400d71e0332e183d9b4bf8a78710c61c599
71,70,07997_0000.png,/Users/anirudhshashikumar/Desktop/VRSBench/grounding_smoke100/images/07997_0000.png,storage-tank,"The storage tank with  situated on the right side of the image, partially cut off by the frame.","[0.74, 0.61, 1.0, 0.84]",true,true,,0,-1.400810956954956,0.19768746197223663,"[0.8490540981292725, 0.6735543608665466, 0.30174383521080017, 0.35914915800094604]","[0.8728788495063782, 0.688400387763977, 0.30420899391174316, 0.3613995313644409]","[0.7207743525505066, 0.5077006220817566, 1.0, 0.8691001534461975]",0.5925952792167664,0.10091201813317952,0.0598,1.6874919420264134,false,false,1241.6528749999998,cpu,IDEA-Research/grounding-dino-tiny,cfa56beaeb2d41c44660be80d1cf2400d71e0332e183d9b4bf8a78710c61c599
72,71,P1384_0081.png,/Users/anirudhshashikumar/Desktop/VRSBench/grounding_smoke100/images/P1384_0081.png,swimming-pool,The swimming pool is located in the middle-left of the image.,"[0.09, 0.33, 0.14, 0.35]",false,true,,0,-1.4203511476516724,0.19460652768611908,"[0.5959920883178711, 0.22150127589702606, 0.33724287152290344, 0.20338357985019684]","[0.6213808655738831, 0.23358994722366333, 0.3382290303707123, 0.20992925763130188]","[0.4522663354873657, 0.1286253184080124, 0.7904953956604004, 0.3385545611381531]",0.0,0.07100417047145235,0.0009999999999999985,71.00417047145245,true,false,1237.3723750000067,cpu,IDEA-Research/grounding-dino-tiny,cfa56beaeb2d41c44660be80d1cf2400d71e0332e183d9b4bf8a78710c61c599
73,72,05952_0000.png,/Users/anirudhshashikumar/Desktop/VRSBench/grounding_smoke100/images/05952_0000.png,tennis-court,The left-most tennis court is located at the top-middle section of the image.,"[0.47, 0.04, 0.61, 0.24]",false,true,,0,-1.432957410812378,0.19263829290866852,"[0.6338229775428772, 0.6940335035324097, 0.6015536785125732, 0.611856997013092]","[0.669357419013977, 0.7005959749221802, 0.6127507090568542, 0.6352189183235168]","[0.3629820644855499, 0.38298651576042175, 0.9757328033447266, 1.0]",0.0,0.3780754683538765,0.028,13.502695298352732,true,false,1250.5981660000032,cpu,IDEA-Research/grounding-dino-tiny,cfa56beaeb2d41c44660be80d1cf2400d71e0332e183d9b4bf8a78710c61c599
74,73,07466_0000.png,/Users/anirudhshashikumar/Desktop/VRSBench/grounding_smoke100/images/07466_0000.png,trainstation,The train station is located towards the middle and widening towards the bottom of the frame.,"[0.28, 0.45, 0.52, 1.0]",true,true,,0,-1.6985232830047607,0.1546582281589508,"[0.5000266432762146, 0.5000099539756775, 0.9999991655349731, 0.9999980926513672]","[0.5433467626571655, 0.5081611275672913, 1.0, 1.0]","[0.04334676265716553, 0.00816112756729126, 1.0, 1.0]",0.13911636173725128,0.9488458682352174,0.132,7.188226274509223,true,false,1250.2690409999957,cpu,IDEA-Research/grounding-dino-tiny,cfa56beaeb2d41c44660be80d1cf2400d71e0332e183d9b4bf8a78710c61c599
75,74,P6089_0002.png,/Users/anirudhshashikumar/Desktop/VRSBench/grounding_smoke100/images/P6089_0002.png,vehicle,The small vehicle located towards the middle-right of the image.,"[0.74, 0.56, 0.77, 0.59]",false,true,,0,-1.4922850131988525,0.1835789978504181,"[0.7898539304733276, 0.7756627202033997, 0.05536685138940811, 0.05691330134868622]","[0.7961398959159851, 0.7849487066268921, 0.06297047436237335, 0.06908424198627472]","[0.7646546363830566, 0.7504065632820129, 0.8276251554489136, 0.8194908499717712]",0.0,0.0043502733921485515,0.0008999999999999982,4.833637102387289,true,false,1202.1696659999889,cpu,IDEA-Research/grounding-dino-tiny,cfa56beaeb2d41c44660be80d1cf2400d71e0332e183d9b4bf8a78710c61c599
76,75,10203_0000.png,/Users/anirudhshashikumar/Desktop/VRSBench/grounding_smoke100/images/10203_0000.png,windmill,The windmill with large blades is located on the right side of the image.,"[0.74, 0.65, 0.94, 0.84]",false,true,,822,-1.5218489170074463,0.17918942868709564,"[0.8770325779914856, 0.599890947341919, 0.7884957194328308, 0.39265677332878113]","[0.8620955348014832, 0.6090176701545715, 0.7775627374649048, 0.37719741463661194]","[0.47331416606903076, 0.42041897773742676, 1.0, 0.7976163625717163]",0.1425272673368454,0.19866451918802852,0.03799999999999998,5.228013662842859,true,false,1209.6450410000016,cpu,IDEA-Research/grounding-dino-tiny,cfa56beaeb2d41c44660be80d1cf2400d71e0332e183d9b4bf8a78710c61c599
77,76,P1179_0044.png,/Users/anirudhshashikumar/Desktop/VRSBench/grounding_smoke100/images/P1179_0044.png,airplane,The small airplane located towards the middle-right of the image.,"[0.89, 0.39, 0.98, 0.49]",false,true,,2,-1.5012356042861938,0.1822413057088852,"[0.9290633797645569, 0.436591237783432, 0.06678717583417892, 0.08683614432811737]","[0.9349210262298584, 0.4421984553337097, 0.07998398691415787, 0.09023886173963547]","[0.894929051399231, 0.3970790207386017, 0.9749130010604858, 0.48731788992881775]",0.8019618988037109,0.007217661170798806,0.008999999999999994,0.801962352310979,false,false,1172.5281249999994,cpu,IDEA-Research/grounding-dino-tiny,cfa56beaeb2d41c44660be80d1cf2400d71e0332e183d9b4bf8a78710c61c599
78,77,11260_0000.png,/Users/anirudhshashikumar/Desktop/VRSBench/grounding_smoke100/images/11260_0000.png,airport,"The airport occupies a significant portion of the image, centered and spanning from the middle to the right edge.","[0.08, 0.58, 1.0, 0.8]",true,true,,0,-1.702100157737732,0.15419118106365204,"[0.5000438690185547, 0.5000407695770264, 1.0, 0.9999979734420776]","[0.5401669144630432, 0.5005083084106445, 1.0, 1.0]","[0.04016691446304321, 0.0005083084106445312, 1.0, 1.0]",0.21097725629806519,0.9593451943067635,0.20240000000000008,4.739847797958316,true,false,1170.590666999999,cpu,IDEA-Research/grounding-dino-tiny,cfa56beaeb2d41c44660be80d1cf2400d71e0332e183d9b4bf8a78710c61c599
79,78,P1583_0054.png,/Users/anirudhshashikumar/Desktop/VRSBench/grounding_smoke100/images/P1583_0054.png,baseball-diamond,The baseball diamond located towards the top-middle of the image has its right corner closer to the image's center.,"[0.42, 0.0, 0.57, 0.1]",false,true,,139,-1.462954044342041,0.1880159229040146,"[0.3594936728477478, 0.05872513726353645, 0.12685535848140717, 0.11716058850288391]","[0.3716852366924286, 0.05293094739317894, 0.13759464025497437, 0.1189107894897461]","[0.3028879165649414, 0.0, 0.44048255681991577, 0.11238634586334229]",0.07208238542079926,0.015463758828637708,0.014999999999999998,1.030917255242514,false,false,1171.730832999998,cpu,IDEA-Research/grounding-dino-tiny,cfa56beaeb2d41c44660be80d1cf2400d71e0332e183d9b4bf8a78710c61c599
80,79,08153_0000.png,/Users/anirudhshashikumar/Desktop/VRSBench/grounding_smoke100/images/08153_0000.png,basketball-court,"The basketball court, located towards the bottom-right of the satellite image.","[0.74, 0.73, 0.96, 0.88]",false,true,,1,-1.3514162302017212,0.20563894510269165,"[0.3707878887653351, 0.7136225700378418, 0.32467690110206604, 0.3206527829170227]","[0.38067182898521423, 0.7200093269348145, 0.3204243779182434, 0.32774028182029724]","[0.22045964002609253, 0.5561391711235046, 0.5408840179443359, 0.8838794827461243]",0.0,0.10501598547040913,0.033,3.182302590012398,true,false,1179.659083000004,cpu,IDEA-Research/grounding-dino-tiny,cfa56beaeb2d41c44660be80d1cf2400d71e0332e183d9b4bf8a78710c61c599
81,80,P5789_2803.png,/Users/anirudhshashikumar/Desktop/VRSBench/grounding_smoke100/images/P5789_2803.png,bridge,The bridge positioned in the top-middle section of the image.,"[0.61, 0.03, 0.64, 0.05]",false,true,,0,-1.578716516494751,0.17097732424736023,"[0.5001770257949829, 0.4999031126499176, 1.0, 0.9999994039535522]","[0.5356834530830383, 0.5044304728507996, 1.0, 1.0]","[0.03568345308303833, 0.0044304728507995605, 1.0, 1.0]",0.0006249707075767219,0.9600441686362693,0.0006000000000000006,1600.0736143937806,true,false,1198.6244160000012,cpu,IDEA-Research/grounding-dino-tiny,cfa56beaeb2d41c44660be80d1cf2400d71e0332e183d9b4bf8a78710c61c599
82,81,06459_0000.png,/Users/anirudhshashikumar/Desktop/VRSBench/grounding_smoke100/images/06459_0000.png,chimney,The chimney is cylindrical with a darker tone at the opening and is positioned at the bottom right of the image.,"[0.36, 0.36, 1.0, 1.0]",true,true,,3,-1.4218829870224,0.19436655938625336,"[0.5537721514701843, 0.7660963535308838, 0.39889368414878845, 0.39726799726486206]","[0.5645966529846191, 0.7714856266975403, 0.3992874026298523, 0.40596917271614075]","[0.364952951669693, 0.5685010552406311, 0.7642403841018677, 0.9744701981544495]",0.39574798941612244,0.16209837672074912,0.4096,0.3957479900408914,false,true,1232.7034160000067,cpu,IDEA-Research/grounding-dino-tiny,cfa56beaeb2d41c44660be80d1cf2400d71e0332e183d9b4bf8a78710c61c599
83,82,P2733_0027.png,/Users/anirudhshashikumar/Desktop/VRSBench/grounding_smoke100/images/P2733_0027.png,container-crane,The container crane towards the bottom right corner of the image.,"[0.88, 0.84, 1.0, 0.92]",true,true,,37,-1.6816235780715942,0.15688060224056244,"[0.9006230235099792, 0.8342816829681396, 0.20017845928668976, 0.33312907814979553]","[0.9026725888252258, 0.8314804434776306, 0.1926879733800888, 0.33124926686286926]","[0.8063285946846008, 0.6658558249473572, 0.9990165829658508, 0.997105062007904]",0.14898867905139923,0.06382774910889566,0.009600000000000008,6.648723865509959,true,false,1195.7162500000038,cpu,IDEA-Research/grounding-dino-tiny,cfa56beaeb2d41c44660be80d1cf2400d71e0332e183d9b4bf8a78710c61c599
84,83,08362_0000.png,/Users/anirudhshashikumar/Desktop/VRSBench/grounding_smoke100/images/08362_0000.png,dam,The dam is located at the edge of the body of water.,"[0.37, 0.58, 1.0, 1.0]",true,true,,0,-1.4056886434555054,0.19691495597362518,"[0.4310159385204315, 0.5001029372215271, 0.8616323471069336, 1.0]","[0.47052907943725586, 0.4925464987754822, 0.8883242011070251, 1.0]","[0.026366978883743286, 0.0, 0.9146912097930908, 0.9925464987754822]",0.24382838606834412,0.8817031051664959,0.2646,3.3322112818083744,true,false,1205.7134999999876,cpu,IDEA-Research/grounding-dino-tiny,cfa56beaeb2d41c44660be80d1cf2400d71e0332e183d9b4bf8a78710c61c599
85,84,08852_0000.png,/Users/anirudhshashikumar/Desktop/VRSBench/grounding_smoke100/images/08852_0000.png,expressway-service-area,The expressway service area located at the center of the image.,"[0.15, 0.21, 0.69, 1.0]",true,true,,2,-1.5153244733810425,0.1801510453224182,"[0.33817821741104126, 0.2690408229827881, 0.34927898645401, 0.1511712521314621]","[0.3572654724121094, 0.27122506499290466, 0.35953396558761597, 0.1696140170097351]","[0.1774984896183014, 0.1864180564880371, 0.5370324850082397, 0.3560320734977722]",0.12067592144012451,0.06098200520964703,0.4266,0.14294891047737232,false,true,1309.4747500000067,cpu,IDEA-Research/grounding-dino-tiny,cfa56beaeb2d41c44660be80d1cf2400d71e0332e183d9b4bf8a78710c61c599
86,85,11639_0000.png,/Users/anirudhshashikumar/Desktop/VRSBench/grounding_smoke100/images/11639_0000.png,expressway-toll-station,"The expressway-toll station is notable due to its presence spanning from the center to the right edge of the image, with its characteristic long, narrow structure.","[0.44, 0.45, 0.8, 1.0]",true,true,,0,-1.5275623798370361,0.17835062742233276,"[0.49999988079071045, 0.4999009668827057, 1.0, 0.9999996423721313]","[0.5349255204200745, 0.5122864246368408, 1.0, 1.0]","[0.03492552042007446, 0.01228642463684082, 1.0, 1.0]",0.207717627286911,0.9532171647176284,0.19800000000000004,4.814228104634486,true,false,2769.787874999992,cpu,IDEA-Research/grounding-dino-tiny,cfa56beaeb2d41c44660be80d1cf2400d71e0332e183d9b4bf8a78710c61c599
87,86,11584_0000.png,/Users/anirudhshashikumar/Desktop/VRSBench/grounding_smoke100/images/11584_0000.png,golffield,"The small golf course is located in the top right quadrant of the image, adjacent to areas of rugged terrain.","[0.54, 0.42, 1.0, 1.0]",true,true,,86,-1.642907977104187,0.16206976771354675,"[0.33894291520118713, 0.9500414133071899, 0.21526747941970825, 0.10013767331838608]","[0.3538224399089813, 0.9480611085891724, 0.22349508106708527, 0.11189088225364685]","[0.2420749068260193, 0.8921156525611877, 0.46556997299194336, 1.0]",0.0,0.024111619369104886,0.26680000000000004,0.09037338594117272,false,true,1464.3701659999947,cpu,IDEA-Research/grounding-dino-tiny,cfa56beaeb2d41c44660be80d1cf2400d71e0332e183d9b4bf8a78710c61c599
88,87,08447_0000.png,/Users/anirudhshashikumar/Desktop/VRSBench/grounding_smoke100/images/08447_0000.png,ground-track-field,The ground track field is distinguished by its oval shape with green center on the right side of the image.,"[0.91, 0.64, 0.98, 0.69]",false,true,,2,-1.4923917055130005,0.1835630089044571,"[0.8076297640800476, 0.801194965839386, 0.15961836278438568, 0.11213652789592743]","[0.8177946209907532, 0.8035619258880615, 0.16917414963245392, 0.11945875734090805]","[0.7332075238227844, 0.743832528591156, 0.9023817181587219, 0.863291323184967]",0.0,0.020209345331750228,0.0034999999999999927,5.774098666214363,true,false,1457.802375,cpu,IDEA-Research/grounding-dino-tiny,cfa56beaeb2d41c44660be80d1cf2400d71e0332e183d9b4bf8a78710c61c599
89,88,P1275_0028.png,/Users/anirudhshashikumar/Desktop/VRSBench/grounding_smoke100/images/P1275_0028.png,harbor,The harbor is located at the bottom of the image.,"[0.53, 0.91, 0.7, 0.96]",false,true,,0,-1.5607600212097168,0.17353762686252594,"[0.5001373887062073, 0.5001903772354126, 1.0, 0.9999998807907104]","[0.5391819477081299, 0.5071576237678528, 1.0, 1.0]","[0.03918194770812988, 0.007157623767852783, 1.0, 1.0]",0.008910397998988628,0.9539408781642038,0.008499999999999985,112.22833860755358,true,false,1280.0795419999959,cpu,IDEA-Research/grounding-dino-tiny,cfa56beaeb2d41c44660be80d1cf2400d71e0332e183d9b4bf8a78710c61c599
90,89,P1508_0010.png,/Users/anirudhshashikumar/Desktop/VRSBench/grounding_smoke100/images/P1508_0010.png,helicopter,The small helicopter is located at the bottom-left area of the image.,"[0.26, 0.71, 0.44, 0.96]",false,true,,3,-1.348663568496704,0.20608894526958466,"[0.3286043107509613, 0.8442780375480652, 0.2467203438282013, 0.31123536825180054]","[0.3384384214878082, 0.8386035561561584, 0.24617937207221985, 0.31580281257629395]","[0.2153487354516983, 0.6807021498680115, 0.46152812242507935, 0.9965049624443054]",0.5788217782974243,0.07774414280450159,0.045,1.7276476178778133,false,false,1277.2851659999988,cpu,IDEA-Research/grounding-dino-tiny,cfa56beaeb2d41c44660be80d1cf2400d71e0332e183d9b4bf8a78710c61c599
91,90,08116_0000.png,/Users/anirudhshashikumar/Desktop/VRSBench/grounding_smoke100/images/08116_0000.png,overpass,The overpass crosses over the highway on the lower part of the image.,"[0.25, 0.67, 1.0, 0.96]",true,true,,0,-1.527457356452942,0.178366020321846,"[0.5000462532043457, 0.8298860192298889, 0.9999998807907104, 0.3063855469226837]","[0.5247682929039001, 0.833877682685852, 1.0, 0.34957894682884216]","[0.024768292903900146, 0.6590881943702698, 1.0, 1.0]",0.654198169708252,0.3324680021734956,0.21749999999999994,1.52858851574021,false,false,1279.2772089999999,cpu,IDEA-Research/grounding-dino-tiny,cfa56beaeb2d41c44660be80d1cf2400d71e0332e183d9b4bf8a78710c61c599
92,91,P1283_0017.png,/Users/anirudhshashikumar/Desktop/VRSBench/grounding_smoke100/images/P1283_0017.png,roundabout,The roundabout is located near the center of the image.,"[0.3, 0.35, 0.35, 0.39]",false,true,,0,-1.6564462184906006,0.16023962199687958,"[0.4999948740005493, 0.5001032948493958, 1.0, 0.9999997615814209]","[0.5408463478088379, 0.4981335401535034, 1.0, 1.0]","[0.04084634780883789, 0.0, 1.0, 0.9981335401535034]",0.002089069690555334,0.9573634304127268,0.0020000000000000013,478.68171520636304,true,false,1459.375792000003,cpu,IDEA-Research/grounding-dino-tiny,cfa56beaeb2d41c44660be80d1cf2400d71e0332e183d9b4bf8a78710c61c599
93,92,09281_0000.png,/Users/anirudhshashikumar/Desktop/VRSBench/grounding_smoke100/images/09281_0000.png,ship,The large ship located at the top-most area of the image.,"[0.43, 0.45, 0.64, 1.0]",true,true,,0,-1.3772742748260498,0.20144712924957275,"[0.7167519330978394, 0.7249658107757568, 0.5660511255264282, 0.549734890460968]","[0.736779510974884, 0.7315903902053833, 0.5581715106964111, 0.5775072574615479]","[0.45769375562667847, 0.4428367614746094, 1.0, 1.0]",0.3159208595752716,0.3021531033875817,0.11550000000000002,2.6160441851738674,true,false,1348.7714590000053,cpu,IDEA-Research/grounding-dino-tiny,cfa56beaeb2d41c44660be80d1cf2400d71e0332e183d9b4bf8a78710c61c599
94,93,P2351_0004.png,/Users/anirudhshashikumar/Desktop/VRSBench/grounding_smoke100/images/P2351_0004.png,soccer-ball-field,The soccer ball field is located at the bottom-left section of the image.,"[0.19, 0.88, 0.31, 1.0]",true,true,,0,-1.6334692239761353,0.16335566341876984,"[0.5000277161598206, 0.49999916553497314, 1.0, 1.0]","[0.5380527973175049, 0.5058971047401428, 1.0, 1.0]","[0.03805279731750488, 0.005897104740142822, 1.0, 1.0]",0.015058438293635845,0.956274499273789,0.0144,66.40795133845758,true,false,1190.0741250000096,cpu,IDEA-Research/grounding-dino-tiny,cfa56beaeb2d41c44660be80d1cf2400d71e0332e183d9b4bf8a78710c61c599
95,94,10653_0000.png,/Users/anirudhshashikumar/Desktop/VRSBench/grounding_smoke100/images/10653_0000.png,stadium,The stadium with a playing field and seating areas is prominently visible in the image.,"[0.15, 0.38, 0.97, 0.93]",false,true,,3,-1.3717378377914429,0.20233920216560364,"[0.5614013671875, 0.657119870185852, 0.8206985592842102, 0.5419529676437378]","[0.5829565525054932, 0.6664358973503113, 0.8171607851982117, 0.5538491606712341]","[0.17437615990638733, 0.3895113170146942, 0.9915369749069214, 0.943360447883606]",0.9080739617347717,0.45258380716817737,0.451,1.0035117675569343,false,false,1183.2242089999882,cpu,IDEA-Research/grounding-dino-tiny,cfa56beaeb2d41c44660be80d1cf2400d71e0332e183d9b4bf8a78710c61c599
96,95,10831_0000.png,/Users/anirudhshashikumar/Desktop/VRSBench/grounding_smoke100/images/10831_0000.png,storage-tank,"The largest storage tank, located at the bottom right corner of the image.","[0.75, 0.78, 1.0, 1.0]",true,true,,1,-1.4016987085342407,0.19754670560359955,"[0.7272599935531616, 0.5604180693626404, 0.3396350145339966, 0.3170927166938782]","[0.7463586926460266, 0.563148558139801, 0.35008448362350464, 0.32609301805496216]","[0.5713164806365967, 0.40010204911231995, 0.9214009046554565, 0.7261950969696045]",0.0,0.11416009683567196,0.05499999999999999,2.075638124284945,true,false,1179.446917000007,cpu,IDEA-Research/grounding-dino-tiny,cfa56beaeb2d41c44660be80d1cf2400d71e0332e183d9b4bf8a78710c61c599
97,96,P0060_0000.png,/Users/anirudhshashikumar/Desktop/VRSBench/grounding_smoke100/images/P0060_0000.png,swimming-pool,"The swimming pool at middle-left, closer to the empty sandy lot is surrounded by green foliage.","[0.37, 0.61, 0.48, 0.71]",false,true,,0,-1.3486524820327759,0.2060907632112503,"[0.627520740032196, 0.7873588800430298, 0.7443239092826843, 0.42500200867652893]","[0.640544056892395, 0.7707067728042603, 0.7572782635688782, 0.4327884316444397]","[0.26190492510795593, 0.5543125867843628, 1.0, 0.9871009588241577]",0.03443535417318344,0.31943896587311826,0.010999999999999996,29.039905988465307,true,false,1412.1828329999885,cpu,IDEA-Research/grounding-dino-tiny,cfa56beaeb2d41c44660be80d1cf2400d71e0332e183d9b4bf8a78710c61c599
98,97,P2571_0004.png,/Users/anirudhshashikumar/Desktop/VRSBench/grounding_smoke100/images/P2571_0004.png,tennis-court,The largest tennis court is located in the middle-right side of the image.,"[0.68, 0.17, 1.0, 0.6]",true,true,,0,-1.3923211097717285,0.19903746247291565,"[0.32430794835090637, 0.6354222297668457, 0.6482983231544495, 0.7283157706260681]","[0.352615088224411, 0.639723539352417, 0.6566075682640076, 0.7537326812744141]","[0.024311304092407227, 0.26285719871520996, 0.6809188723564148, 1.0]",0.0004986108979210258,0.48401354221492454,0.13759999999999997,3.517540277724743,true,false,1427.1856670000034,cpu,IDEA-Research/grounding-dino-tiny,cfa56beaeb2d41c44660be80d1cf2400d71e0332e183d9b4bf8a78710c61c599
99,98,06755_0000.png,/Users/anirudhshashikumar/Desktop/VRSBench/grounding_smoke100/images/06755_0000.png,trainstation,The train station in the image is distinguishable by its particular shape and its location amidst the high-rise urban environment.,"[0.56, 0.45, 1.0, 1.0]",true,true,,1,-1.5220527648925781,0.17915943264961243,"[0.8038135766983032, 0.23135365545749664, 0.12562336027622223, 0.3528120219707489]","[0.8074452877044678, 0.23777660727500916, 0.13702738285064697, 0.3500102460384369]","[0.7389315962791443, 0.06277148425579071, 0.8759589791297913, 0.4127817153930664]",0.0,0.047960985943690915,0.242,0.1981858923293013,false,true,1276.1023750000077,cpu,IDEA-Research/grounding-dino-tiny,cfa56beaeb2d41c44660be80d1cf2400d71e0332e183d9b4bf8a78710c61c599
100,99,P0368_0003.png,/Users/anirudhshashikumar/Desktop/VRSBench/grounding_smoke100/images/P0368_0003.png,vehicle,"The small white vehicle located in the top-right corner of the image, parked near the building with beige roof.","[0.8, 0.1, 0.87, 0.16]",false,true,,0,-1.4085367918014526,0.19646494090557098,"[0.16187794506549835, 0.059461597353219986, 0.06882865726947784, 0.07001672685146332]","[0.17759081721305847, 0.07374273240566254, 0.06441693753004074, 0.07590784132480621]","[0.1453823447227478, 0.03578881174325943, 0.20979928970336914, 0.11169665306806564]",0.0,0.004889751238217777,0.004199999999999997,1.1642264852899475,false,false,1190.938540999994,cpu,IDEA-Research/grounding-dino-tiny,cfa56beaeb2d41c44660be80d1cf2400d71e0332e183d9b4bf8a78710c61c599
